"","metric","ThresholdNAT_Lower","ThresholdNAT_Upper","ThresholdNATMed_Lower","ThresholdNATMed_Upper","ThresholdNATLow_Lower","ThresholdNATLow_Upper","ThresholdNATHigh_Lower","ThresholdNATHigh_Upper","ThresholdHB_Lower","ThresholdHB_Upper","ThresholdSB0_Lower","ThresholdSB0_Upper","ThresholdSB2_Lower","ThresholdSB2_Upper","n","Index","Hydro_endpoint","SmoothingFunc","Quantile"
"1","csci_DS_Mag_50_3_0.99",NA,54.5601934240486,NA,54.5601934240486,NA,74.7121810098006,NA,38.1918151840456,NA,69.6737079707778,NA,55.8195195707696,NA,59.5976576826572,14141,"csci","DS_Mag_50",3,"0.99"
"2","csci_FA_Mag_3_0.99",NA,338.97913940285,NA,338.97913940285,NA,592.342281962065,NA,216.314000561783,NA,506.419597087364,NA,350.169425548613,NA,385.98747367209,11590,"csci","FA_Mag",3,"0.99"
"3","csci_Peak_10_3_0.99",-19661.4724726904,NA,-19661.4724726904,NA,NA,NA,-13489.0801462488,NA,NA,NA,-20138.216962255,NA,-21569.4584982304,NA,17273,"csci","Peak_10",3,"0.99"
"4","csci_Peak_2_3_0.99",NA,NA,NA,NA,NA,NA,-4730.24353233461,NA,NA,NA,NA,NA,NA,NA,17980,"csci","Peak_2",3,"0.99"
"5","csci_Peak_5_3_0.99",NA,NA,NA,NA,NA,NA,-9209.30359927066,NA,NA,NA,NA,NA,NA,NA,18999,"csci","Peak_5",3,"0.99"
"6","csci_SP_Mag_3_0.99",NA,NA,NA,NA,NA,NA,NA,2075.08646690406,NA,NA,NA,NA,NA,NA,14103,"csci","SP_Mag",3,"0.99"
"7","csci_Wet_BFL_Mag_10_3_0.99",-87.1729065659198,56.0749666652371,-87.1729065659198,56.0749666652371,NA,71.6387631521523,-72.7037390852693,42.7288224439725,NA,67.791213736191,-88.2734849062324,57.0668952667418,NA,60.0221845942562,79019,"csci","Wet_BFL_Mag_10",3,"0.99"
"8","csci_Wet_BFL_Mag_50_3_0.99",NA,NA,NA,NA,NA,NA,-363.510594465674,NA,NA,NA,NA,NA,NA,NA,143499,"csci","Wet_BFL_Mag_50",3,"0.99"
"9","csci_Q99_3_0.99",-16043.9261633112,NA,-16043.9261633112,NA,-27261.6336022437,NA,-10152.763475178,NA,-23676.4648518244,NA,-16572.5239314448,NA,-18250.6404159771,NA,33828,"csci","Q99",3,"0.99"
"10","csci_DS_Mag_50_3_0.9",NA,23.4179635249314,NA,23.4179635249314,NA,43.0939737450911,NA,11.6826444331461,NA,37.3070255016602,NA,24.4333732985276,NA,27.6093792155291,14141,"csci","DS_Mag_50",3,"0.9"
"11","csci_FA_Mag_3_0.9",NA,219.403589860726,NA,219.403589860726,NA,392.148420222038,NA,113.995668014705,NA,341.971645199842,NA,228.46882701406,NA,256.729805468283,11590,"csci","FA_Mag",3,"0.9"
"12","csci_Peak_10_3_0.9",-13304.2807330348,NA,-13304.2807330348,NA,-21213.2845549202,NA,-6878.27813468275,NA,-19236.0289501204,NA,-13798.5915479555,NA,-15281.5259593596,NA,17273,"csci","Peak_10",3,"0.9"
"13","csci_Peak_2_3_0.9",-5618.63585470342,NA,-5618.63585470342,NA,NA,NA,-2245.76056434307,NA,NA,NA,-5989.61627929384,NA,-7216.73409817802,NA,17980,"csci","Peak_2",3,"0.9"
"14","csci_Peak_5_3_0.9",-13372.3951583415,NA,-13372.3951583415,NA,NA,NA,-5161.04903632828,NA,NA,NA,-14420.957162132,NA,-18329.2837874909,NA,18999,"csci","Peak_5",3,"0.9"
"15","csci_SP_Mag_3_0.9",NA,2173.81217636572,NA,2173.81217636572,NA,NA,NA,1492.1713091058,NA,NA,NA,2223.48442765545,NA,NA,14103,"csci","SP_Mag",3,"0.9"
"16","csci_Wet_BFL_Mag_10_3_0.9",-76.5365070433534,39.1420447175245,-76.5365070433534,39.1420447175245,NA,55.8991960932796,-58.9227474662636,23.7228084333175,NA,51.845641030624,-77.8147555882538,40.2415934629253,-81.6211813805055,43.4889783838586,79019,"csci","Wet_BFL_Mag_10",3,"0.9"
"17","csci_Wet_BFL_Mag_50_3_0.9",NA,156.58034678528,NA,156.58034678528,NA,NA,-289.272926063272,89.3313195009203,NA,NA,NA,161.534018686248,NA,176.296584096034,143499,"csci","Wet_BFL_Mag_50",3,"0.9"
"18","csci_Q99_3_0.9",-11207.6495390352,NA,-11207.6495390352,NA,-21300.4009822566,NA,-5369.64402414703,NA,-18219.764031761,NA,-11710.6555819204,NA,-13288.281742162,NA,33828,"csci","Q99",3,"0.9"
"19","csci_DS_Mag_50_3_0.7",NA,11.6057646195881,NA,11.6057646195881,NA,28.8576868932191,NA,0.497254102922651,NA,23.9488071188946,NA,12.5362163508877,NA,15.4172064518808,14141,"csci","DS_Mag_50",3,"0.7"
"20","csci_FA_Mag_3_0.7",NA,95.0701102510315,NA,95.0701102510315,NA,232.471508020169,NA,5.24972861298766,NA,193.817761236356,NA,102.563968891827,NA,125.729087215079,11590,"csci","FA_Mag",3,"0.7"
"21","csci_Peak_10_3_0.7",-6561.53723768435,NA,-6561.53723768435,NA,-15361.3557848449,NA,NA,588.318840225952,-13161.4015213234,NA,-7111.52602875842,NA,-8761.49228430815,NA,17273,"csci","Peak_10",3,"0.7"
"22","csci_Peak_2_3_0.7",-3588.46927925079,NA,-3588.46927925079,NA,-7347.40666606648,NA,NA,475.249544845818,-6451.25663128428,NA,-3844.7281114309,NA,-4588.43243870432,NA,17980,"csci","Peak_2",3,"0.7"
"23","csci_Peak_5_3_0.7",-6466.0273392774,NA,-6466.0273392774,NA,-15169.8535288617,NA,NA,605.820021456929,-12993.8958442034,NA,-7010.01604862345,NA,-8641.9825737682,NA,18999,"csci","Peak_5",3,"0.7"
"24","csci_SP_Mag_3_0.7",-548.269197226862,1013.47957004782,-548.269197226862,1013.47957004782,-1109.10477158737,1467.11124858802,NA,NA,-974.135521388959,1365.45286569381,-586.59594112934,1046.97085400975,-697.119099085744,1141.65532187535,14103,"csci","SP_Mag",3,"0.7"
"25","csci_Wet_BFL_Mag_10_3_0.7",-52.5425972240162,24.3898116437426,-52.5425972240162,24.3898116437426,-75.3426298986729,46.0584734755961,-4.99046933609756,NA,-70.0241902322252,41.0244341507266,-54.1451803925688,25.9070231568114,-58.7471634140452,30.2792205039548,79019,"csci","Wet_BFL_Mag_10",3,"0.7"
"26","csci_Wet_BFL_Mag_50_3_0.7",-254.636028866602,75.0191865177953,-254.636028866602,75.0191865177953,-342.582132743752,154.607717859549,-12.299402075815,NA,-321.673010598204,135.620675764832,-260.648283011783,80.3905363151958,-278.086733886029,96.067774265802,143499,"csci","Wet_BFL_Mag_50",3,"0.7"
"27","csci_Q99_3_0.7",-5371.63386923852,NA,-5371.63386923852,NA,-14323.1153369458,NA,NA,380.098873152536,-11721.7620353368,NA,-5848.7079311471,NA,-7325.29999413045,NA,33828,"csci","Q99",3,"0.7"
"28","csci_DS_Mag_50_3_0.5",NA,0.377080883645973,NA,0.377080883645973,NA,16.1192187096035,-10.738608581134,NA,NA,11.8283114823338,NA,1.2734035577449,NA,4.01425761411603,14141,"csci","DS_Mag_50",3,"0.5"
"29","csci_FA_Mag_3_0.5",NA,6.2417796320605,NA,6.2417796320605,NA,155.408527299431,-99.4390270806194,NA,NA,114.756783272325,NA,14.7397993099962,NA,40.7140804608369,11590,"csci","FA_Mag",3,"0.5"
"30","csci_Peak_10_3_0.5",NA,1222.22394163776,NA,1222.22394163776,-8876.53476465113,NA,NA,NA,-6351.84450759589,NA,NA,591.05168600812,-1302.46518600079,NA,17273,"csci","Peak_10",3,"0.5"
"31","csci_Peak_2_3_0.5",NA,NA,NA,NA,-5259.98320196458,NA,NA,NA,-4352.97092888883,NA,NA,NA,-1524.17694308171,NA,17980,"csci","Peak_2",3,"0.5"
"32","csci_Peak_5_3_0.5",NA,1575.59991867045,NA,1575.59991867045,-9325.05192854174,NA,NA,NA,-6599.88887926086,NA,NA,894.309201199677,-1149.56296333937,NA,18999,"csci","Peak_5",3,"0.5"
"33","csci_SP_Mag_3_0.5",NA,NA,NA,NA,-748.897767180011,1092.7243075442,NA,NA,-568.756318518281,944.164761566672,NA,NA,-85.6991406779058,509.035491659901,14103,"csci","SP_Mag",3,"0.5"
"34","csci_Wet_BFL_Mag_10_3_0.5",NA,NA,NA,NA,-58.7284151624427,30.6716548810866,NA,NA,-51.6598928817565,23.9354309518515,-4.4170877402447,NA,-33.5936758944186,7.05723179371478,79019,"csci","Wet_BFL_Mag_10",3,"0.5"
"35","csci_Wet_BFL_Mag_50_3_0.5",-27.0696829355192,NA,-27.0696829355192,NA,-278.602714581108,94.8738106721664,NA,NA,-251.7535182298,70.9242452676224,-13.9966711928522,NA,-187.506157384295,15.1411128784202,143499,"csci","Wet_BFL_Mag_50",3,"0.5"
"36","csci_Q99_3_0.5",NA,NA,NA,NA,-7783.37901430611,NA,NA,NA,-5330.60173663222,NA,NA,727.781591298648,-872.543780391899,NA,33828,"csci","Q99",3,"0.5"
"37","csci_DS_Mag_50_3_0.1",NA,NA,NA,NA,-21.7776351846008,NA,NA,NA,-28.0413621748945,NA,NA,NA,NA,NA,14141,"csci","DS_Mag_50",3,"0.1"
"38","csci_FA_Mag_3_0.1",NA,NA,NA,NA,NA,NA,NA,NA,NA,NA,NA,NA,NA,NA,11590,"csci","FA_Mag",3,"0.1"
"39","csci_Peak_10_3_0.1",NA,NA,NA,NA,NA,NA,NA,NA,NA,NA,NA,NA,NA,NA,17273,"csci","Peak_10",3,"0.1"
"40","csci_Peak_2_3_0.1",NA,NA,NA,NA,NA,NA,NA,NA,NA,NA,NA,NA,NA,NA,17980,"csci","Peak_2",3,"0.1"
"41","csci_Peak_5_3_0.1",NA,NA,NA,NA,NA,NA,NA,NA,NA,NA,NA,NA,NA,NA,18999,"csci","Peak_5",3,"0.1"
"42","csci_SP_Mag_3_0.1",NA,NA,NA,NA,NA,NA,NA,NA,NA,NA,NA,NA,NA,NA,14103,"csci","SP_Mag",3,"0.1"
"43","csci_Wet_BFL_Mag_10_3_0.1",NA,NA,NA,NA,NA,NA,NA,NA,NA,NA,NA,NA,NA,NA,79019,"csci","Wet_BFL_Mag_10",3,"0.1"
"44","csci_Wet_BFL_Mag_50_3_0.1",NA,NA,NA,NA,NA,NA,NA,NA,NA,NA,NA,NA,NA,NA,143499,"csci","Wet_BFL_Mag_50",3,"0.1"
"45","csci_Q99_3_0.1",NA,NA,NA,NA,NA,NA,NA,NA,NA,NA,NA,NA,NA,NA,33828,"csci","Q99",3,"0.1"
"46","csci_DS_Mag_50_3_0.3",-10.649014519751,NA,-10.649014519751,NA,NA,3.32529983316545,-21.2297569758405,NA,-0.341088712627171,NA,-9.81702384726031,NA,-7.29744389934297,NA,14141,"csci","DS_Mag_50",3,"0.3"
"47","csci_FA_Mag_3_0.3",-113.917399768001,NA,-113.917399768001,NA,NA,43.9439906683574,NA,NA,NA,2.58880522781781,-104.478845645668,NA,-75.9410555266404,NA,11590,"csci","FA_Mag",3,"0.3"
"48","csci_Peak_10_3_0.3",NA,NA,NA,NA,-440.078228931037,NA,NA,NA,NA,1855.66958317577,NA,7945.44158005121,NA,6294.11701431671,17273,"csci","Peak_10",3,"0.3"
"49","csci_Peak_2_3_0.3",NA,NA,NA,NA,-706.385684874032,NA,NA,NA,NA,NA,NA,NA,NA,NA,17980,"csci","Peak_2",3,"0.3"
"50","csci_Peak_5_3_0.3",NA,NA,NA,NA,-197.595094883753,NA,NA,NA,NA,3145.15030581297,NA,NA,NA,NA,18999,"csci","Peak_5",3,"0.3"
"51","csci_SP_Mag_3_0.3",NA,NA,NA,NA,NA,96.6125552473817,NA,NA,NA,NA,NA,NA,NA,NA,14103,"csci","SP_Mag",3,"0.3"
"52","csci_Wet_BFL_Mag_10_3_0.3",NA,NA,NA,NA,-30.4031878543489,4.31177565031325,NA,NA,NA,NA,NA,NA,NA,NA,79019,"csci","Wet_BFL_Mag_10",3,"0.3"
"53","csci_Wet_BFL_Mag_50_3_0.3",NA,NA,NA,NA,-179.821632651998,5.13628358519251,NA,NA,-75.6111866240598,NA,NA,NA,NA,NA,143499,"csci","Wet_BFL_Mag_50",3,"0.3"
"54","csci_Q99_3_0.3",NA,NA,NA,NA,NA,65.215846094664,NA,NA,NA,NA,NA,NA,NA,NA,33828,"csci","Q99",3,"0.3"
"55","csci_DS_Mag_50_6_0.99",NA,50.1982431901181,NA,50.1982431901181,NA,74.1483918765301,NA,34.0029870426871,NA,67.7590841002553,NA,51.5640291054715,NA,55.7695048502779,14141,"csci","DS_Mag_50",6,"0.99"
"56","csci_FA_Mag_6_0.99",NA,266.850797992599,NA,266.850797992599,NA,416.206080447121,NA,193.609017280151,NA,360.220227514184,NA,273.215967940966,NA,293.327738424585,11590,"csci","FA_Mag",6,"0.99"
"57","csci_Peak_10_6_0.99",-20316.5021729831,NA,-20316.5021729831,NA,-24395.7654401975,NA,-15517.8225243692,NA,-23429.5517459738,NA,-20597.5291808384,NA,-21409.877034993,NA,17273,"csci","Peak_10",6,"0.99"
"58","csci_Peak_2_6_0.99",NA,NA,NA,NA,NA,NA,-3053.05080199026,NA,NA,NA,NA,NA,NA,NA,17980,"csci","Peak_2",6,"0.99"
"59","csci_Peak_5_6_0.99",-21187.41259618,NA,-21187.41259618,NA,NA,NA,-15007.1133299017,NA,NA,NA,-21713.7572775799,NA,NA,NA,18999,"csci","Peak_5",6,"0.99"
"60","csci_SP_Mag_6_0.99",NA,NA,NA,NA,NA,NA,-728.578470395347,NA,NA,NA,NA,NA,NA,NA,14103,"csci","SP_Mag",6,"0.99"
"61","csci_Wet_BFL_Mag_10_6_0.99",NA,55.8522897281053,NA,55.8522897281053,NA,71.1648063318078,-74.8242440345468,42.9417841552724,NA,67.3674296367442,NA,56.8226185198875,NA,59.7196426074102,79019,"csci","Wet_BFL_Mag_10",6,"0.99"
"62","csci_Wet_BFL_Mag_50_6_0.99",NA,NA,NA,NA,NA,NA,-344.894519243049,NA,NA,NA,NA,NA,NA,NA,143499,"csci","Wet_BFL_Mag_50",6,"0.99"
"63","csci_Q99_6_0.99",-26103.3966019818,NA,-26103.3966019818,NA,-40528.9084272958,NA,-6158.21282166043,NA,-37306.472039858,NA,-27217.2596236382,NA,-30274.3873307821,NA,33828,"csci","Q99",6,"0.99"
"64","csci_DS_Mag_50_6_0.9",NA,17.3823064933466,NA,17.3823064933466,NA,63.601824752228,NA,9.66372150423761,NA,31.9411933218932,NA,18.1076789317579,NA,20.5175474047462,14141,"csci","DS_Mag_50",6,"0.9"
"65","csci_FA_Mag_6_0.9",-208.494416251457,194.293317759518,-208.494416251457,194.293317759518,NA,277.065700853834,-139.636347661812,130.892505943503,NA,254.778936999254,-213.574298699857,199.128525975065,NA,213.775871820229,11590,"csci","FA_Mag",6,"0.9"
"66","csci_Peak_10_6_0.9",-15167.0124806902,NA,-15167.0124806902,NA,-22158.7060463364,NA,-5395.2918334067,NA,-20570.0201836373,NA,-15691.5545657655,NA,-17147.0912188274,NA,17273,"csci","Peak_10",6,"0.9"
"67","csci_Peak_2_6_0.9",-2649.0623177306,NA,-2649.0623177306,NA,NA,NA,-1574.7826272538,1760.6787536025,NA,NA,-2757.64261985738,NA,-3143.01296292489,NA,17980,"csci","Peak_2",6,"0.9"
"68","csci_Peak_5_6_0.9",-17747.5977294914,NA,-17747.5977294914,NA,-20233.2483410441,NA,-2154.9127306521,5441.07251037704,-19592.1294997017,NA,-17897.004349022,NA,-18349.1579455416,NA,18999,"csci","Peak_5",6,"0.9"
"69","csci_SP_Mag_6_0.9",-721.220121068734,NA,-721.220121068734,NA,NA,NA,-408.374993763618,561.936856486003,NA,NA,-750.195813273686,NA,-846.130762459103,NA,14103,"csci","SP_Mag",6,"0.9"
"70","csci_Wet_BFL_Mag_10_6_0.9",-66.8273124673257,27.8856539771078,-66.8273124673257,27.8856539771078,NA,43.3056928268613,-31.8669760644323,18.0180102774989,NA,38.762427370764,-71.912910491221,28.6872754097472,NA,31.1787077065566,79019,"csci","Wet_BFL_Mag_10",6,"0.9"
"71","csci_Wet_BFL_Mag_50_6_0.9",NA,135.97230491117,NA,135.97230491117,NA,192.458860247856,-297.913801155415,85.2773710948554,NA,178.611524844809,NA,139.624950988735,NA,150.450672963849,143499,"csci","Wet_BFL_Mag_50",6,"0.9"
"72","csci_Q99_6_0.9",-14545.7937646877,NA,-14545.7937646877,NA,-35258.2367650105,NA,-3722.46834715253,NA,-31058.7691862898,NA,-16412.7477013918,NA,-21177.6370470838,NA,33828,"csci","Q99",6,"0.9"
"73","csci_DS_Mag_50_6_0.7",-22.8232389824085,9.56617262081523,-22.8232389824085,9.56617262081523,NA,19.3797080561423,-14.4056298190832,2.0294728309096,NA,16.4836138666371,-23.3746358079912,10.1010670412172,-24.9972762466866,11.7263813907041,14141,"csci","DS_Mag_50",6,"0.7"
"74","csci_FA_Mag_6_0.7",-128.690107064627,89.6234358323856,-128.690107064627,89.6234358323856,-187.645720705202,169.310748953851,-55.844133518019,16.9991049086498,-173.823683524065,147.338503751678,-132.791796879324,94.2545919912045,-144.621789272017,108.159077717431,11590,"csci","FA_Mag",6,"0.7"
"75","csci_Peak_10_6_0.7",-2764.73412556809,5518.37595808859,-2764.73412556809,5518.37595808859,-16374.8827222253,7106.28052303785,-191.276029593522,3827.84928750624,-15489.0411729013,6727.32886713626,-3068.34358138472,5625.81559266307,-13598.1702609432,5938.91728732534,17273,"csci","Peak_10",6,"0.7"
"76","csci_Peak_2_6_0.7",-2245.63533743993,1631.75199482251,-2245.63533743993,1631.75199482251,-4761.6341863196,NA,-113.833092222159,NA,-3779.13652500657,NA,-2344.68107867302,1753.00101896921,-2659.19104374779,2118.92243633789,17980,"csci","Peak_2",6,"0.7"
"77","csci_Peak_5_6_0.7",-13893.3786828576,NA,-13893.3786828576,NA,-19093.6835077328,NA,-586.197575619498,3442.96933237269,-17838.5956077284,NA,-14270.0090140025,NA,-15315.0897401109,NA,18999,"csci","Peak_5",6,"0.7"
"78","csci_SP_Mag_6_0.7",-139.972416038168,296.463152533608,-139.972416038168,296.463152533608,-304.251546717139,483.604402391196,NA,32.6863657519821,-261.742582337506,423.488392550797,-150.311276487214,306.035921271152,-180.815488710113,335.120923352862,14103,"csci","SP_Mag",6,"0.7"
"79","csci_Wet_BFL_Mag_10_6_0.7",-15.281093149256,15.2391759690066,-15.281093149256,15.2391759690066,-31.0759689629013,24.0511087271861,-0.468244154272342,3.64863936994854,-26.3395043217786,21.8371955099476,-16.1371712209363,15.814977373657,-18.7161187521764,17.4934945388526,79019,"csci","Wet_BFL_Mag_10",6,"0.7"
"80","csci_Wet_BFL_Mag_50_6_0.7",-315.226940012493,60.0007380791202,-315.226940012493,60.0007380791202,-357.829189274223,114.912979153838,-156.711620263816,NA,-347.850161008808,99.3159098342071,-318.230729078508,63.0224365619296,-326.824800097104,72.2408826762052,143499,"csci","Wet_BFL_Mag_50",6,"0.7"
"81","csci_Q99_6_0.7",-4059.37170521222,NA,-4059.37170521222,NA,-37912.2225965164,NA,-114.409104023866,NA,-34622.673806526,NA,-4771.21364284661,NA,-26826.4742214832,NA,33828,"csci","Q99",6,"0.7"
"82","csci_DS_Mag_50_6_0.5",-14.4595431525564,2.20006295248258,-14.4595431525564,2.20006295248258,-24.7312359893684,11.4497149702711,NA,NA,-22.4810744912398,9.27061789983846,-15.2859884697315,2.90599831855195,-17.5059972821724,4.81040601738023,14141,"csci","DS_Mag_50",6,"0.5"
"83","csci_FA_Mag_6_0.5",-83.3003720430594,21.5541666040938,-83.3003720430594,21.5541666040938,-161.010829886185,99.5369624858026,NA,NA,-144.934025857354,81.3692101252469,-90.1571081236028,27.7904533153769,-107.786040617292,44.1034422001544,11590,"csci","FA_Mag",6,"0.5"
"84","csci_Peak_10_6_0.5",-24.2500459210673,3847.35746480759,-24.2500459210673,3847.35746480759,-2604.41118294946,5510.41320146013,NA,NA,-1791.56952133176,5155.80175975923,-171.868808175009,3982.30706337178,-594.756206490195,4347.41975972416,17273,"csci","Peak_10",6,"0.5"
"85","csci_Peak_2_6_0.5",NA,NA,NA,NA,-3038.7150292438,1588.8032980871,NA,NA,-2483.97527514371,1152.34672537844,NA,NA,-1423.11700360344,208.684117611137,17980,"csci","Peak_2",6,"0.5"
"86","csci_Peak_5_6_0.5",NA,470.583761170097,NA,470.583761170097,-14131.1173775163,NA,NA,NA,-3024.1905589121,5451.5292012087,NA,46.8863230675362,-806.453477627764,3607.65745333449,18999,"csci","Peak_5",6,"0.5"
"87","csci_SP_Mag_6_0.5",NA,40.3895446382711,NA,40.3895446382711,-134.144198901535,311.078517138457,NA,NA,-99.3600661388902,277.101243188534,NA,21.8714446468322,-19.1816844923084,202.353010788478,14103,"csci","SP_Mag",6,"0.5"
"88","csci_Wet_BFL_Mag_10_6_0.5",-1.1343597326479,3.8650158356208,-1.1343597326479,3.8650158356208,-14.9035003496638,17.1675222973857,NA,NA,-12.3268824541175,14.6742314901862,-2.93796952860244,5.63507138678229,-6.29212556334919,8.88402215222236,79019,"csci","Wet_BFL_Mag_10",6,"0.5"
"89","csci_Wet_BFL_Mag_50_6_0.5",NA,NA,NA,NA,-326.150248342731,58.2158266004973,NA,NA,-59.2309506986026,48.4034128089303,NA,NA,-16.5804322256387,25.6712551385071,143499,"csci","Wet_BFL_Mag_50",6,"0.5"
"90","csci_Q99_6_0.5",NA,340.760709649675,NA,340.760709649675,-31364.3685629789,NA,NA,NA,-3310.41509351452,NA,NA,146.797507006957,-464.735255595645,NA,33828,"csci","Q99",6,"0.5"
"91","csci_DS_Mag_50_6_0.1",NA,NA,NA,NA,NA,NA,NA,NA,NA,NA,NA,NA,NA,NA,14141,"csci","DS_Mag_50",6,"0.1"
"92","csci_FA_Mag_6_0.1",NA,NA,NA,NA,NA,NA,NA,NA,NA,NA,NA,NA,NA,NA,11590,"csci","FA_Mag",6,"0.1"
"93","csci_Peak_10_6_0.1",NA,NA,NA,NA,NA,NA,NA,NA,NA,NA,NA,NA,NA,NA,17273,"csci","Peak_10",6,"0.1"
"94","csci_Peak_2_6_0.1",NA,NA,NA,NA,NA,NA,NA,NA,NA,NA,NA,NA,NA,NA,17980,"csci","Peak_2",6,"0.1"
"95","csci_Peak_5_6_0.1",NA,NA,NA,NA,NA,NA,NA,NA,NA,NA,NA,NA,NA,NA,18999,"csci","Peak_5",6,"0.1"
"96","csci_SP_Mag_6_0.1",NA,NA,NA,NA,NA,1378.60644761965,NA,NA,NA,1461.65419696763,NA,NA,NA,1780.12147314051,14103,"csci","SP_Mag",6,"0.1"
"97","csci_Wet_BFL_Mag_10_6_0.1",NA,NA,NA,NA,NA,NA,NA,NA,NA,NA,NA,NA,NA,NA,79019,"csci","Wet_BFL_Mag_10",6,"0.1"
"98","csci_Wet_BFL_Mag_50_6_0.1",NA,NA,NA,NA,NA,NA,NA,NA,NA,NA,NA,NA,NA,NA,143499,"csci","Wet_BFL_Mag_50",6,"0.1"
"99","csci_Q99_6_0.1",NA,NA,NA,NA,-8855.66065103552,1183.33838540732,NA,NA,NA,NA,NA,NA,NA,NA,33828,"csci","Q99",6,"0.1"
"100","csci_DS_Mag_50_6_0.3",NA,NA,NA,NA,-17.1859720938305,4.56446553405727,NA,NA,-14.025866601954,1.83037711608407,NA,NA,NA,NA,14141,"csci","DS_Mag_50",6,"0.3"
"101","csci_FA_Mag_6_0.3",NA,NA,NA,NA,-121.696237300807,39.7939385319801,NA,NA,-99.1119021041179,19.7348907992413,NA,NA,NA,NA,11590,"csci","FA_Mag",6,"0.3"
"102","csci_Peak_10_6_0.3",NA,NA,NA,NA,-349.539718816633,4334.39558527551,NA,NA,NA,140.943682424948,NA,NA,NA,NA,17273,"csci","Peak_10",6,"0.3"
"103","csci_Peak_2_6_0.3",NA,NA,NA,NA,-158.991906722263,NA,NA,NA,NA,NA,NA,NA,NA,NA,17980,"csci","Peak_2",6,"0.3"
"104","csci_Peak_5_6_0.3",NA,NA,NA,NA,NA,386.698428461513,NA,NA,NA,3583.30468296193,NA,NA,NA,NA,18999,"csci","Peak_5",6,"0.3"
"105","csci_SP_Mag_6_0.3",NA,1448.70057985301,NA,1448.70057985301,NA,3.51007985951666,NA,NA,NA,54.8020635638369,NA,1424.84348501248,NA,1363.54012910722,14103,"csci","SP_Mag",6,"0.3"
"106","csci_Wet_BFL_Mag_10_6_0.3",NA,NA,NA,NA,-5.53234092980589,7.74475491724586,NA,NA,NA,NA,NA,NA,NA,NA,79019,"csci","Wet_BFL_Mag_10",6,"0.3"
"107","csci_Wet_BFL_Mag_50_6_0.3",NA,NA,NA,NA,-8.00840191807958,20.274716971467,NA,NA,NA,NA,NA,NA,NA,NA,143499,"csci","Wet_BFL_Mag_50",6,"0.3"
"108","csci_Q99_6_0.3",NA,NA,NA,NA,-62.7935462242036,NA,NA,NA,-7307.33164760128,301.977191288897,NA,1242.64553388604,NA,988.947883921824,33828,"csci","Q99",6,"0.3"
"109","csci_DS_Mag_50_9_0.99",NA,49.749821385016,NA,49.749821385016,NA,73.2159437969201,NA,34.2264146965709,NA,66.5243969363065,NA,51.0041512147433,NA,54.8827706135072,14141,"csci","DS_Mag_50",9,"0.99"
"110","csci_FA_Mag_9_0.99",NA,259.049821804307,NA,259.049821804307,NA,426.128228972231,-173.541489839418,180.842794729353,NA,357.492039345266,NA,265.751149299239,NA,286.859346571669,11590,"csci","FA_Mag",9,"0.99"
"111","csci_Peak_10_9_0.99",-20675.6961109442,NA,-20675.6961109442,NA,NA,NA,-15639.1963531236,NA,-24362.5663114769,NA,-20999.7673360425,NA,-21947.4782715902,NA,17273,"csci","Peak_10",9,"0.99"
"112","csci_Peak_2_9_0.99",NA,NA,NA,NA,NA,NA,-3713.36034246747,NA,NA,NA,NA,NA,NA,NA,17980,"csci","Peak_2",9,"0.99"
"113","csci_Peak_5_9_0.99",-19287.1247343442,NA,-19287.1247343442,NA,-21006.154548205,NA,-2500.26841550327,NA,-20609.6166916845,NA,-19409.6394329444,NA,-19759.9345641752,NA,18999,"csci","Peak_5",9,"0.99"
"114","csci_SP_Mag_9_0.99",NA,NA,NA,NA,NA,NA,NA,NA,NA,NA,NA,NA,NA,NA,14103,"csci","SP_Mag",9,"0.99"
"115","csci_Wet_BFL_Mag_10_9_0.99",NA,52.3401864945993,NA,52.3401864945993,NA,67.0447403557864,-76.3286276089842,40.1042600173834,NA,63.391140085768,NA,53.2681182887426,NA,56.0431393722675,79019,"csci","Wet_BFL_Mag_10",9,"0.99"
"116","csci_Wet_BFL_Mag_50_9_0.99",NA,NA,NA,NA,NA,NA,-352.822681155419,NA,NA,NA,NA,NA,NA,NA,143499,"csci","Wet_BFL_Mag_50",9,"0.99"
"117","csci_Q99_9_0.99",-27921.6531075391,NA,-27921.6531075391,NA,-42053.3546489577,NA,-6645.74468277566,NA,-38819.3624843405,NA,-28971.132031751,NA,-31900.1338457834,NA,33828,"csci","Q99",9,"0.99"
"118","csci_DS_Mag_50_9_0.9",NA,14.7376116788101,NA,14.7376116788101,NA,49.2471933606022,NA,9.33820539537667,NA,46.9567047975363,NA,15.2087537473467,NA,16.7771806715682,14141,"csci","DS_Mag_50",9,"0.9"
"119","csci_FA_Mag_9_0.9",-97.2694417357191,176.527609845828,-97.2694417357191,176.527609845828,NA,281.361431599264,-52.1381835886084,94.4735082431033,NA,257.569911703547,-101.957723954495,184.311360025076,-119.807926971762,206.545067654887,11590,"csci","FA_Mag",9,"0.9"
"120","csci_Peak_10_9_0.9",-14700.3885231553,NA,-14700.3885231553,NA,-21732.1407246297,NA,-2133.99732623163,7137.14716937399,-20716.050564864,NA,-15426.7019151019,NA,-17681.2895611514,NA,17273,"csci","Peak_10",9,"0.9"
"121","csci_Peak_2_9_0.9",-2746.51957123504,NA,-2746.51957123504,NA,NA,NA,-1635.46438957033,1742.84420629285,-4510.13617958206,NA,-2841.4742855804,NA,-3154.03533910248,NA,17980,"csci","Peak_2",9,"0.9"
"122","csci_Peak_5_9_0.9",-9198.7485581555,NA,-9198.7485581555,NA,-20367.1607269146,NA,-1413.64696401489,5300.83424617973,-19921.5956380526,NA,-9493.09289505348,NA,-18859.4979129976,NA,18999,"csci","Peak_5",9,"0.9"
"123","csci_SP_Mag_9_0.9",-336.742587059023,1422.36645789286,-336.742587059023,1422.36645789286,-1050.76800847967,NA,-136.236849097175,381.815768380447,-1002.49563870164,NA,-370.397665497545,NA,-877.934917044524,NA,14103,"csci","SP_Mag",9,"0.9"
"124","csci_Wet_BFL_Mag_10_9_0.9",-79.8437281655987,27.4531484890583,-79.8437281655987,27.4531484890583,NA,45.9975820535057,-36.2852291965077,16.697367359751,NA,40.6890555039066,-80.937674314855,28.4163441379907,-84.0810469509856,31.4537807460372,79019,"csci","Wet_BFL_Mag_10",9,"0.9"
"125","csci_Wet_BFL_Mag_50_9_0.9",NA,138.172762454776,NA,138.172762454776,NA,189.795460861602,-286.487887257312,87.2357407846424,NA,177.367094378595,NA,141.614996202653,NA,151.702356042342,143499,"csci","Wet_BFL_Mag_50",9,"0.9"
"126","csci_Q99_9_0.9",-4484.29793250981,NA,-4484.29793250981,NA,-6586.3631981803,NA,-870.824965033032,NA,-5811.89494765654,NA,-4570.89139008535,NA,-4849.20635714502,NA,33828,"csci","Q99",9,"0.9"
"127","csci_DS_Mag_50_9_0.7",-19.752611153892,9.56248643606003,-19.752611153892,9.56248643606003,NA,16.8655031675165,-8.87554034341852,2.61509347726835,NA,14.8287172518469,-20.8701023189042,10.009530194109,-24.8689551366185,11.3192619603262,14141,"csci","DS_Mag_50",9,"0.7"
"128","csci_FA_Mag_9_0.7",-49.1053778189149,63.4587778548084,-49.1053778189149,63.4587778548084,-90.5074494304644,255.76568068282,-12.0992090265407,26.6777443221231,-79.1072516933227,116.461719435293,-51.5524892672718,66.2498847270765,-58.8696886304865,75.2641220316393,11590,"csci","FA_Mag",9,"0.7"
"129","csci_Peak_10_9_0.7",-1641.52097958139,NA,-1641.52097958139,NA,-15538.4860277706,NA,-350.094060991039,2120.13224636106,-14182.6902642621,NA,-1744.48455889705,NA,-2082.94556503204,NA,17273,"csci","Peak_10",9,"0.7"
"130","csci_Peak_2_9_0.7",-2368.10463675866,292.009866062595,-2368.10463675866,292.009866062595,-2866.75375794815,2134.19854414454,-308.283396408825,32.1369203932145,-2728.34026213224,2087.03922158283,-2397.59255519058,312.276267592168,-2484.84575629233,379.909182759643,17980,"csci","Peak_2",9,"0.7"
"131","csci_Peak_5_9_0.7",-1714.91304181147,NA,-1714.91304181147,NA,-10236.1326525493,NA,-685.054909141909,758.894799148646,-9351.94155629733,NA,-1799.49611526712,NA,-2102.26787006721,NA,18999,"csci","Peak_5",9,"0.7"
"132","csci_SP_Mag_9_0.7",-40.7351749952935,233.918971352732,-40.7351749952935,233.918971352732,-119.135789525755,NA,NA,29.4994347499436,-98.5901172515898,341.221108052557,-45.5152274003198,240.229480758498,-59.7952692710803,260.404716608167,14103,"csci","SP_Mag",9,"0.7"
"133","csci_Wet_BFL_Mag_10_9_0.7",-13.266779463147,13.7571714379875,-13.266779463147,13.7571714379875,-83.9441879816926,23.8799252730909,-1.32785616142628,4.96979482563991,-24.2909609494972,20.5068035287857,-14.001627864245,14.2636920069745,-16.2553091110685,15.7973336051016,79019,"csci","Wet_BFL_Mag_10",9,"0.7"
"134","csci_Wet_BFL_Mag_50_9_0.7",-231.979317504496,39.5118476157578,-231.979317504496,39.5118476157578,-273.558711463274,178.994406345875,-0.0879498428365258,12.6199517801534,-261.499349686049,172.469376290887,-234.287369060144,41.7365448701887,-241.296506048838,50.7137104328875,143499,"csci","Wet_BFL_Mag_50",9,"0.7"
"135","csci_Q99_9_0.7",-850.32251930843,NA,-850.32251930843,NA,-4901.97521842632,NA,-250.284591784371,324.425393826377,-4598.42745922665,NA,-893.703532077433,NA,-1036.87781708013,NA,33828,"csci","Q99",9,"0.7"
"136","csci_DS_Mag_50_9_0.5",-9.04446353070397,2.32608597740346,-9.04446353070397,2.32608597740346,-23.3745975542327,11.0547065622547,NA,NA,-18.5438040565743,9.07640038603484,-9.80543121609032,2.95570170570861,-11.9829492403045,4.73843643643444,14141,"csci","DS_Mag_50",9,"0.5"
"137","csci_FA_Mag_9_0.5",-25.9874035171063,25.6022673984659,-25.9874035171063,25.6022673984659,-78.3348754080866,71.5260215129333,NA,NA,-65.9132869653436,59.4152657124204,-30.0306511920642,28.941027970626,-40.7815099357401,37.7932618879905,11590,"csci","FA_Mag",9,"0.5"
"138","csci_Peak_10_9_0.5",-166.005189746267,2493.05455837179,-166.005189746267,2493.05455837179,-1724.20363913723,7744.17320193158,NA,NA,-1336.00684938781,5452.15615587065,-286.158294738862,2707.35042447514,-600.282882109119,3325.45565876876,17273,"csci","Peak_10",9,"0.5"
"139","csci_Peak_2_9_0.5",-38.930145458566,1175.89617285765,-38.930145458566,1175.89617285765,-2501.78562868372,336.962681985293,NA,NA,-2382.03180357338,249.478968927916,-263.954489115782,1.43842064841136,-373.590244183797,83.3504759917717,17980,"csci","Peak_2",9,"0.5"
"140","csci_Peak_5_9_0.5",-388.24472015243,156.408594207748,-388.24472015243,156.408594207748,-1925.93341825459,NA,NA,NA,-1565.9786080541,NA,-572.841043941071,376.603910708417,-912.936234388967,870.708124448834,18999,"csci","Peak_5",9,"0.5"
"141","csci_SP_Mag_9_0.5",NA,23.2034598561005,NA,23.2034598561005,-63.8937453789773,254.157289285313,NA,NA,-43.9937479786825,227.004474082631,NA,16.3826816942653,-1.91712872249197,178.010966261553,14103,"csci","SP_Mag",9,"0.5"
"142","csci_Wet_BFL_Mag_10_9_0.5",-1.23353630990595,4.73657124534854,-1.23353630990595,4.73657124534854,-13.1749398495505,15.2513631706861,NA,NA,-10.654519214132,13.0015436736726,-2.47677915009993,5.87813935000098,-5.19583376707606,8.28837523178774,79019,"csci","Wet_BFL_Mag_10",9,"0.5"
"143","csci_Wet_BFL_Mag_50_9_0.5",-1.35461185077327,7.18178783382431,-1.35461185077327,7.18178783382431,-45.0193345951471,37.0925630474906,-124.913676109283,NA,-30.4756397529189,29.8182243633993,-5.41522311421659,10.7947555579821,-13.1449855967138,17.1550199424502,143499,"csci","Wet_BFL_Mag_50",9,"0.5"
"144","csci_Q99_9_0.5",-14399.3773297168,NA,-14399.3773297168,NA,-886.925661272037,1220.09849445882,-16694.5813374048,NA,-725.371350397145,971.75211240465,-181.912156520789,174.932149406959,-385.212193238877,438.294434500542,33828,"csci","Q99",9,"0.5"
"145","csci_DS_Mag_50_9_0.1",NA,NA,NA,NA,NA,NA,NA,NA,NA,NA,NA,NA,NA,NA,14141,"csci","DS_Mag_50",9,"0.1"
"146","csci_FA_Mag_9_0.1",NA,NA,NA,NA,NA,NA,NA,NA,NA,NA,NA,NA,NA,NA,11590,"csci","FA_Mag",9,"0.1"
"147","csci_Peak_10_9_0.1",NA,NA,NA,NA,NA,NA,NA,NA,NA,NA,NA,NA,NA,NA,17273,"csci","Peak_10",9,"0.1"
"148","csci_Peak_2_9_0.1",NA,NA,NA,NA,NA,NA,NA,NA,NA,NA,NA,NA,NA,NA,17980,"csci","Peak_2",9,"0.1"
"149","csci_Peak_5_9_0.1",NA,NA,NA,NA,NA,NA,NA,NA,NA,NA,NA,NA,NA,NA,18999,"csci","Peak_5",9,"0.1"
"150","csci_SP_Mag_9_0.1",NA,NA,NA,NA,NA,2025.26358945304,NA,NA,NA,2097.58376759995,NA,2287.07922649386,NA,2236.0897914955,14103,"csci","SP_Mag",9,"0.1"
"151","csci_Wet_BFL_Mag_10_9_0.1",NA,NA,NA,NA,NA,NA,NA,NA,NA,NA,NA,NA,NA,NA,79019,"csci","Wet_BFL_Mag_10",9,"0.1"
"152","csci_Wet_BFL_Mag_50_9_0.1",NA,NA,NA,NA,-133.635082015836,NA,NA,NA,-146.131596574671,NA,NA,NA,NA,NA,143499,"csci","Wet_BFL_Mag_50",9,"0.1"
"153","csci_Q99_9_0.1",NA,NA,NA,NA,NA,NA,NA,NA,NA,NA,NA,NA,NA,NA,33828,"csci","Q99",9,"0.1"
"154","csci_DS_Mag_50_9_0.3",NA,NA,NA,NA,-12.5960067014399,4.17835835491384,NA,NA,-9.41833977961717,1.75529153421257,NA,NA,NA,NA,14141,"csci","DS_Mag_50",9,"0.3"
"155","csci_FA_Mag_9_0.3",NA,NA,NA,NA,-60.8719637065858,34.2199278275438,NA,NA,-43.8208179672809,22.2616266913864,NA,NA,NA,NA,11590,"csci","FA_Mag",9,"0.3"
"156","csci_Peak_10_9_0.3",NA,NA,NA,NA,-407.852270552511,3878.47048889267,NA,NA,-8035.03801056182,41.2113771798777,NA,NA,NA,NA,17273,"csci","Peak_10",9,"0.3"
"157","csci_Peak_2_9_0.3",NA,NA,NA,NA,-214.97539280357,NA,NA,NA,NA,NA,NA,NA,NA,NA,17980,"csci","Peak_2",9,"0.3"
"158","csci_Peak_5_9_0.3",-5194.43634555999,NA,-5194.43634555999,NA,-650.62773072592,559.297883629179,NA,NA,-4073.86936291432,NA,-4958.81195854993,NA,-4623.92410060301,NA,18999,"csci","Peak_5",9,"0.3"
"159","csci_SP_Mag_9_0.3",NA,2259.56502040805,NA,2259.56502040805,-1.07507531273987,171.911857218995,NA,NA,NA,24.7985709791861,NA,2240.00991220237,NA,2180.9912604065,14103,"csci","SP_Mag",9,"0.3"
"160","csci_Wet_BFL_Mag_10_9_0.3",NA,NA,NA,NA,-4.06290754863448,7.60415777758969,NA,NA,NA,0.45911863405026,NA,NA,NA,NA,79019,"csci","Wet_BFL_Mag_10",9,"0.3"
"161","csci_Wet_BFL_Mag_50_9_0.3",-121.346870827354,NA,-121.346870827354,NA,-12.0448716064203,12.1736636157327,NA,NA,-104.314791745117,110.160216272114,-119.793609831503,NA,-115.344646869303,NA,143499,"csci","Wet_BFL_Mag_50",9,"0.3"
"162","csci_Q99_9_0.3",-15500.8121371229,NA,-15500.8121371229,NA,-240.231404510291,324.179727154195,-18844.487470326,NA,-13542.507310352,NA,-15313.4475149519,NA,-14782.7219220448,NA,33828,"csci","Q99",9,"0.3"
"163","csci_DS_Mag_50_12_0.99",NA,46.5969832986611,NA,46.5969832986611,NA,53.246796033389,NA,15.773783431523,NA,51.3510900100609,NA,46.9726641201639,NA,48.107891781445,14141,"csci","DS_Mag_50",12,"0.99"
"164","csci_FA_Mag_12_0.99",NA,261.385413636053,NA,261.385413636053,NA,793.783563817866,-198.493143944677,185.042678233466,NA,357.347550728421,NA,267.821926812047,NA,288.081029104271,11590,"csci","FA_Mag",12,"0.99"
"165","csci_Peak_10_12_0.99",-20933.7301825734,NA,-20933.7301825734,NA,NA,NA,-15767.5094738254,NA,-24676.9021957765,NA,-21264.1138186369,NA,-22227.7088890863,NA,17273,"csci","Peak_10",12,"0.99"
"166","csci_Peak_2_12_0.99",NA,NA,NA,NA,NA,NA,-4142.11479517813,NA,NA,NA,NA,NA,NA,NA,17980,"csci","Peak_2",12,"0.99"
"167","csci_Peak_5_12_0.99",-19332.4269307095,NA,-19332.4269307095,NA,-21081.7255304231,NA,-17417.8101274298,NA,-20667.3345601911,NA,-19451.6425857636,NA,-19798.5696049828,NA,18999,"csci","Peak_5",12,"0.99"
"168","csci_SP_Mag_12_0.99",-1092.56791231053,NA,-1092.56791231053,NA,NA,NA,-731.772374752595,NA,NA,NA,-1111.44165884136,NA,NA,NA,14103,"csci","SP_Mag",12,"0.99"
"169","csci_Wet_BFL_Mag_10_12_0.99",NA,52.7600858026168,NA,52.7600858026168,NA,67.6685684171858,-76.933942524185,40.4452581618141,NA,63.9571062767422,NA,53.6980889960971,NA,56.5059404424263,79019,"csci","Wet_BFL_Mag_10",12,"0.99"
"170","csci_Wet_BFL_Mag_50_12_0.99",NA,196.471025779857,NA,196.471025779857,NA,NA,-351.70361229621,156.566517730631,NA,NA,NA,199.480121547553,NA,NA,143499,"csci","Wet_BFL_Mag_50",12,"0.99"
"171","csci_Q99_12_0.99",-28699.9009753816,NA,-28699.9009753816,NA,-42376.6814914096,NA,-6659.06251818344,NA,-39210.3904807419,NA,-29700.1741107403,NA,-32507.2409101164,NA,33828,"csci","Q99",12,"0.99"
"172","csci_DS_Mag_50_12_0.9",NA,14.8797562108436,NA,14.8797562108436,NA,48.4033956176799,NA,9.66053769044634,NA,45.6771262273798,NA,15.3027463762098,NA,16.6808599280546,14141,"csci","DS_Mag_50",12,"0.9"
"173","csci_FA_Mag_12_0.9",-222.279563265697,99.3324661350362,-222.279563265697,99.3324661350362,NA,295.028274385669,-39.1361893996038,65.4263837352512,NA,278.631538001536,NA,104.074256516055,NA,240.305752185266,11590,"csci","FA_Mag",12,"0.9"
"174","csci_Peak_10_12_0.9",-14627.4821688937,NA,-14627.4821688937,NA,-22148.827647964,NA,-1712.47241743579,7464.5604418659,-21229.39039856,NA,-15168.2142721358,NA,-17452.8668749256,NA,17273,"csci","Peak_10",12,"0.9"
"175","csci_Peak_2_12_0.9",-2002.63233066521,NA,-2002.63233066521,NA,-5065.24394924173,NA,-539.080448115914,176.215904849397,-4885.49998260395,NA,-2058.47776239437,NA,-4530.54571433995,NA,17980,"csci","Peak_2",12,"0.9"
"176","csci_Peak_5_12_0.9",-18144.6566149127,NA,-18144.6566149127,NA,-20202.5115450002,NA,-1406.40401633149,3125.78301532073,-19735.0766097295,NA,-18299.7576971107,NA,-18725.7488048512,NA,18999,"csci","Peak_5",12,"0.9"
"177","csci_SP_Mag_12_0.9",-362.752634074184,NA,-362.752634074184,NA,-1056.92331417465,NA,-149.187418664959,366.466204096339,-1008.75695282973,NA,-399.731937084999,NA,-884.726050439551,NA,14103,"csci","SP_Mag",12,"0.9"
"178","csci_Wet_BFL_Mag_10_12_0.9",-81.4264619605761,27.1405931747302,-81.4264619605761,27.1405931747302,NA,40.0971774884852,-73.6483394717906,14.8292716312349,-87.4111140876088,36.4951128205083,-81.9513600997644,28.0014386339992,-83.4881945845332,30.3879449687909,79019,"csci","Wet_BFL_Mag_10",12,"0.9"
"179","csci_Wet_BFL_Mag_50_12_0.9",NA,138.251953928159,NA,138.251953928159,NA,189.420872315441,-286.450653959764,87.8029442309974,NA,177.101616666594,NA,141.663084730253,NA,151.660751015697,143499,"csci","Wet_BFL_Mag_50",12,"0.9"
"180","csci_Q99_12_0.9",-4330.944768439,NA,-4330.944768439,NA,-5703.67620541886,NA,-867.411526337484,NA,-5275.88022491853,NA,-4397.75941761453,NA,-4608.58710667238,NA,33828,"csci","Q99",12,"0.9"
"181","csci_DS_Mag_50_12_0.7",-20.5762311243094,9.83787103101687,-20.5762311243094,9.83787103101687,NA,16.8373605844455,-8.53193861652046,2.56113918177457,NA,15.030280675349,-21.7691562702841,10.3130995773428,-25.5795982408222,11.6648668524916,14141,"csci","DS_Mag_50",12,"0.7"
"182","csci_FA_Mag_12_0.7",-52.2187305139431,61.044004290458,-52.2187305139431,61.044004290458,-172.628933326255,262.710304645308,-6.51754884439811,30.1008677525957,-125.202796269763,102.244582293813,-56.3107612335444,63.3231473513078,-69.8422019672709,70.614347685353,11590,"csci","FA_Mag",12,"0.7"
"183","csci_Peak_10_12_0.7",-1412.79620296149,NA,-1412.79620296149,NA,-15119.9460426757,NA,-392.254618307917,1350.74431680685,-14222.2047951857,NA,-1497.8798551759,NA,-1784.35627633458,NA,17273,"csci","Peak_10",12,"0.7"
"184","csci_Peak_2_12_0.7",-564.090425048137,170.418751038621,-564.090425048137,170.418751038621,-5566.40418769104,2194.04413686653,-296.429256994012,15.5061132393748,-2053.80893890027,368.043249214698,-1771.0443495181,182.426084925698,-1829.39864860862,220.347656963206,17980,"csci","Peak_2",12,"0.7"
"185","csci_Peak_5_12_0.7",-1626.54959829304,2897.03737802737,-1626.54959829304,2897.03737802737,-18848.6863080257,NA,-824.943764101198,559.929212055837,-18464.1299574539,NA,-1690.38532409678,3038.42671002565,-1908.25098521946,3692.48969130373,18999,"csci","Peak_5",12,"0.7"
"186","csci_SP_Mag_12_0.7",-45.7332373214515,238.101949727591,-45.7332373214515,238.101949727591,-126.79739602792,NA,NA,30.0600625025702,-105.900670279667,327.578010237271,-50.7758053603813,244.005508176454,-65.7641652184041,262.421256570932,14103,"csci","SP_Mag",12,"0.7"
"187","csci_Wet_BFL_Mag_10_12_0.7",-11.9076701932331,11.1672912096188,-11.9076701932331,11.1672912096188,-85.6662489354429,31.1369252398433,-1.0019911290737,1.37578264794497,-16.3787697645568,14.4211255328153,-12.2405361371432,11.3791837618513,-13.2479532423286,12.0399665934722,79019,"csci","Wet_BFL_Mag_10",12,"0.7"
"188","csci_Wet_BFL_Mag_50_12_0.7",-231.842559157518,35.4855522240317,-231.842559157518,35.4855522240317,-267.611457821835,178.498683577122,-92.0634869817147,1.04563601904146,-257.613866372617,171.783683295265,-233.88655900309,37.1196320254351,-240.076824559387,43.2889935772988,143499,"csci","Wet_BFL_Mag_50",12,"0.7"
"189","csci_Q99_12_0.7",-846.358294658137,NA,-846.358294658137,NA,-4846.83134585876,NA,-273.191402792043,269.420792092478,-4577.05780373377,NA,-894.486367026947,NA,-1063.51168344907,NA,33828,"csci","Q99",12,"0.7"
"190","csci_DS_Mag_50_12_0.5",-8.53387156243529,2.21329917937007,-8.53387156243529,2.21329917937007,-24.2165841936244,11.3924657236416,NA,NA,-19.1787633794934,9.30641584365066,-9.31341726460639,2.79308353466903,-11.6233475555878,4.52802623202515,14141,"csci","DS_Mag_50",12,"0.5"
"191","csci_FA_Mag_12_0.5",-20.2422016477684,27.6103135453766,-20.2422016477684,27.6103135453766,-93.7806061048514,69.1132540348852,NA,NA,-73.5081104133586,58.6428953214346,-24.9923819857887,30.8536632157428,-38.1908558356343,39.18921329599,11590,"csci","FA_Mag",12,"0.5"
"192","csci_Peak_10_12_0.5",-214.486534668782,1709.97725374239,-214.486534668782,1709.97725374239,-1534.93912615719,6908.42743721859,NA,NA,-1202.97928341176,5925.33123251001,-318.680184296502,1943.50426851685,-584.943395950166,2706.16746200287,17273,"csci","Peak_10",12,"0.5"
"193","csci_Peak_2_12_0.5",-13.1591240189313,944.595179818996,-13.1591240189313,944.595179818996,-1818.1336134461,184.534168388459,-3175.15893965701,NA,-469.619785907883,137.347708633031,-266.608043710215,2.64326662485856,-319.347787792221,43.5522691125376,17980,"csci","Peak_2",12,"0.5"
"194","csci_Peak_5_12_0.5",-718.938054548378,38.870865794501,-718.938054548378,38.870865794501,-1766.23377576475,3286.67254705492,-12057.4343669536,NA,-1516.79853321703,2681.96348984799,-821.408864207565,185.179861727154,-1047.95276102263,714.947457246486,18999,"csci","Peak_5",12,"0.5"
"195","csci_SP_Mag_12_0.5",NA,18.7358121499157,NA,18.7358121499157,-67.0959036153592,264.918766022676,NA,NA,-48.243177142095,236.994111243377,NA,11.5963193073637,-7.07078368418483,181.692091553648,14103,"csci","SP_Mag",12,"0.5"
"196","csci_Wet_BFL_Mag_10_12_0.5",-37.5149891432131,1.06980806139903,-37.5149891432131,1.06980806139903,-12.9748520234057,11.5805042184983,-48.299009703829,NA,-11.365911050156,10.6598878253389,-4.90299752574183,7.97370083122546,-7.59439250211182,8.80813247445768,79019,"csci","Wet_BFL_Mag_10",12,"0.5"
"197","csci_Wet_BFL_Mag_50_12_0.5",-102.686459519849,NA,-102.686459519849,NA,-42.8322951099868,34.3122943719474,-123.792351381526,NA,-35.1199522418026,28.8646719869147,-5.59110003142946,12.7949672689561,-19.0391465719985,18.6458558421911,143499,"csci","Wet_BFL_Mag_50",12,"0.5"
"198","csci_Q99_12_0.5",-14387.8407382263,NA,-14387.8407382263,NA,-867.384501524865,NA,-16602.6747233551,NA,-699.757177128274,1215.2444521047,-193.02709211915,135.451626795623,-373.721375169179,385.973850555031,33828,"csci","Q99",12,"0.5"
"199","csci_DS_Mag_50_12_0.1",NA,NA,NA,NA,NA,NA,NA,NA,NA,NA,NA,NA,NA,NA,14141,"csci","DS_Mag_50",12,"0.1"
"200","csci_FA_Mag_12_0.1",NA,NA,NA,NA,NA,NA,NA,NA,NA,NA,NA,NA,NA,NA,11590,"csci","FA_Mag",12,"0.1"
"201","csci_Peak_10_12_0.1",NA,NA,NA,NA,NA,NA,NA,NA,NA,NA,NA,NA,NA,NA,17273,"csci","Peak_10",12,"0.1"
"202","csci_Peak_2_12_0.1",NA,NA,NA,NA,NA,NA,NA,NA,NA,NA,NA,NA,NA,NA,17980,"csci","Peak_2",12,"0.1"
"203","csci_Peak_5_12_0.1",NA,NA,NA,NA,-4385.62337997327,NA,NA,NA,NA,NA,NA,NA,NA,NA,18999,"csci","Peak_5",12,"0.1"
"204","csci_SP_Mag_12_0.1",NA,NA,NA,NA,NA,1966.69473556659,NA,NA,NA,2058.31817985525,NA,NA,NA,2233.17632597839,14103,"csci","SP_Mag",12,"0.1"
"205","csci_Wet_BFL_Mag_10_12_0.1",NA,NA,NA,NA,NA,NA,NA,NA,NA,NA,NA,NA,NA,NA,79019,"csci","Wet_BFL_Mag_10",12,"0.1"
"206","csci_Wet_BFL_Mag_50_12_0.1",NA,NA,NA,NA,-134.034117684712,NA,NA,NA,-144.836533579481,NA,NA,NA,NA,NA,143499,"csci","Wet_BFL_Mag_50",12,"0.1"
"207","csci_Q99_12_0.1",NA,NA,NA,NA,-12421.0220170671,NA,NA,NA,-15377.5641756273,NA,NA,NA,NA,NA,33828,"csci","Q99",12,"0.1"
"208","csci_DS_Mag_50_12_0.3",NA,NA,NA,NA,-12.2077433516174,3.97100292680992,NA,NA,-8.93890006557446,1.66544135870338,NA,NA,NA,NA,14141,"csci","DS_Mag_50",12,"0.3"
"209","csci_FA_Mag_12_0.3",NA,NA,NA,NA,-62.8414406223642,34.8626551544003,NA,NA,-44.4836532903649,22.3189665994656,NA,NA,NA,NA,11590,"csci","FA_Mag",12,"0.3"
"210","csci_Peak_10_12_0.3",NA,NA,NA,NA,-413.527053334015,3799.10063908107,NA,NA,NA,11.8393883364345,NA,NA,NA,NA,17273,"csci","Peak_10",12,"0.3"
"211","csci_Peak_2_12_0.3",-1249.03419603538,NA,-1249.03419603538,NA,-270.79039063124,18.7840491834971,-3397.8122473643,NA,-52.1594756274073,912.607088990641,-1192.55396167315,NA,-1108.99482447009,NA,17980,"csci","Peak_2",12,"0.3"
"212","csci_Peak_5_12_0.3",-4758.64687699897,NA,-4758.64687699897,NA,-938.571148233841,274.664563609014,-12564.6707815823,NA,-3792.72717402318,5287.98112476006,-4526.8935145454,NA,-4244.36809678859,NA,18999,"csci","Peak_5",12,"0.3"
"213","csci_SP_Mag_12_0.3",NA,2241.02617178828,NA,2241.02617178828,-9.86666232236382,170.238852418934,NA,NA,NA,15.027123380219,NA,2199.22571480822,NA,2074.44624033018,14103,"csci","SP_Mag",12,"0.3"
"214","csci_Wet_BFL_Mag_10_12_0.3",NA,NA,NA,NA,-6.35825581005208,8.18967978938647,NA,NA,NA,1.36124001413181,NA,NA,NA,NA,79019,"csci","Wet_BFL_Mag_10",12,"0.3"
"215","csci_Wet_BFL_Mag_50_12_0.3",-122.322092195809,NA,-122.322092195809,NA,-16.2077949048513,13.165782922522,-146.234613185994,NA,-107.846853076664,105.051924805794,-121.023420987451,NA,-117.268640170466,NA,143499,"csci","Wet_BFL_Mag_50",12,"0.3"
"216","csci_Q99_12_0.3",-15572.1244282312,NA,-15572.1244282312,NA,-238.423144643677,287.397209125575,-19018.3672953647,NA,-13587.5268525292,NA,-15381.6631345316,NA,-14842.9040501084,NA,33828,"csci","Q99",12,"0.3"
"217","csci_DS_Mag_50_15_0.99",NA,20.9779204607677,NA,20.9779204607677,NA,53.1320977161583,NA,15.65170499255,NA,51.3381937846484,NA,46.9038589085347,NA,48.0781514454007,14141,"csci","DS_Mag_50",15,"0.99"
"218","csci_FA_Mag_15_0.99",NA,265.969998696792,NA,265.969998696792,NA,845.927472514767,-189.295821140102,186.913991049965,NA,360.88910453413,NA,272.40855252126,NA,292.537579004397,11590,"csci","FA_Mag",15,"0.99"
"219","csci_Peak_10_15_0.99",-21033.5341479367,NA,-21033.5341479367,NA,NA,NA,-16207.3635160275,NA,-24571.419108643,NA,-21344.2152041744,NA,-22252.9424620412,NA,17273,"csci","Peak_10",15,"0.99"
"220","csci_Peak_2_15_0.99",NA,NA,NA,NA,NA,NA,-4258.20740952807,NA,NA,NA,NA,NA,NA,NA,17980,"csci","Peak_2",15,"0.99"
"221","csci_Peak_5_15_0.99",-19264.022590696,NA,-19264.022590696,NA,-21063.0208077568,NA,-17668.1719252572,NA,-20615.5196861331,NA,-19377.3299896046,NA,-19716.4073013177,NA,18999,"csci","Peak_5",15,"0.99"
"222","csci_SP_Mag_15_0.99",-1088.16867077982,NA,-1088.16867077982,NA,NA,NA,-743.307836054413,NA,NA,NA,-1104.79849956703,NA,NA,NA,14103,"csci","SP_Mag",15,"0.99"
"223","csci_Wet_BFL_Mag_10_15_0.99",-86.2249085482012,44.6603383320264,-86.2249085482012,44.6603383320264,NA,63.748847044028,-81.0113367045368,34.215448016689,NA,58.0964603878611,-86.6024177010131,45.6101588483428,-87.7268741126536,48.6228770863211,79019,"csci","Wet_BFL_Mag_10",15,"0.99"
"224","csci_Wet_BFL_Mag_50_15_0.99",NA,189.545187229629,NA,189.545187229629,NA,NA,-350.973177323248,151.97984952822,NA,NA,NA,192.361458510866,NA,200.786853568895,143499,"csci","Wet_BFL_Mag_50",15,"0.99"
"225","csci_Q99_15_0.99",-4237.83044399927,NA,-4237.83044399927,NA,-5123.32418008883,NA,-3671.47705633874,NA,-4869.88351586189,NA,-4285.05124280333,NA,-4431.8439290934,NA,33828,"csci","Q99",15,"0.99"
"226","csci_DS_Mag_50_15_0.9",NA,14.8526937226784,NA,14.8526937226784,NA,48.3811317600831,NA,9.70811439670355,NA,45.6412929103967,NA,15.2681557377364,NA,16.6161454176261,14141,"csci","DS_Mag_50",15,"0.9"
"227","csci_FA_Mag_15_0.9",-133.555372660805,95.4303873687822,-133.555372660805,95.4303873687822,NA,292.856610588463,-47.7825095080894,62.6461571208751,NA,275.735803049969,-140.371236226995,101.425772309747,NA,236.61213913208,11590,"csci","FA_Mag",15,"0.9"
"228","csci_Peak_10_15_0.9",-13912.1942109231,NA,-13912.1942109231,NA,-21935.936211209,NA,-1595.32760237485,6854.37935187645,-20951.5754272439,NA,-14590.0570750155,NA,-18007.1293778907,NA,17273,"csci","Peak_10",15,"0.9"
"229","csci_Peak_2_15_0.9",-3397.65221912264,2059.84180042095,-3397.65221912264,2059.84180042095,-4478.04324932578,2220.31287350401,-1600.76908145159,122.26480014973,-4238.39786032951,2182.70569906628,-3488.12047037119,2070.96060100814,-3722.57970193702,2103.12244575036,17980,"csci","Peak_2",15,"0.9"
"230","csci_Peak_5_15_0.9",-18155.3872029914,NA,-18155.3872029914,NA,-19706.5981469315,NA,-1417.61833763325,3076.21326307224,-19274.6145428621,NA,-18249.4498846513,NA,-18521.5362868773,NA,18999,"csci","Peak_5",15,"0.9"
"231","csci_SP_Mag_15_0.9",-384.531114020884,NA,-384.531114020884,NA,-1057.12938982006,NA,-148.039345749184,362.859208686693,-1010.77060382436,NA,-440.410138882028,NA,-890.006426887184,NA,14103,"csci","SP_Mag",15,"0.9"
"232","csci_Wet_BFL_Mag_10_15_0.9",-83.0305805380823,28.8453305920929,-83.0305805380823,28.8453305920929,-87.1900456234567,36.6272168889948,-12.9815972176132,12.0747320916425,-86.1928023607865,34.6037005593528,-83.3094907457253,29.3856177370497,-84.1253871029247,30.8794135203017,79019,"csci","Wet_BFL_Mag_10",15,"0.9"
"233","csci_Wet_BFL_Mag_50_15_0.9",NA,137.511349825935,NA,137.511349825935,NA,188.030087802217,-286.448828692212,87.5808315411558,NA,175.878947875015,NA,140.882486840315,NA,150.760655791636,143499,"csci","Wet_BFL_Mag_50",15,"0.9"
"234","csci_Q99_15_0.9",-4257.71192021833,NA,-4257.71192021833,NA,-5524.56582626285,NA,-868.128879126964,NA,-5138.22329539401,NA,-4320.788951425,NA,-4519.15565331693,NA,33828,"csci","Q99",15,"0.9"
"235","csci_DS_Mag_50_15_0.7",-20.8251133393031,9.72867583939837,-20.8251133393031,9.72867583939837,NA,16.9506739988409,-8.39577390307087,2.52928231748884,NA,15.0478196866293,-22.0038976402442,10.1866622622939,-25.6655676596136,11.5265889397353,14141,"csci","DS_Mag_50",15,"0.7"
"236","csci_FA_Mag_15_0.7",-64.8940272453285,58.0209283896191,-64.8940272453285,58.0209283896191,-120.67033222048,256.420791815908,-2.04846437776476,33.7100874576929,-107.767504186838,88.9948275993527,-69.018563825318,59.7864806737427,-80.6707567829871,65.389123400721,11590,"csci","FA_Mag",15,"0.7"
"237","csci_Peak_10_15_0.7",-1447.71803524733,NA,-1447.71803524733,NA,-15229.18940948,NA,-384.076102293884,1249.19595397059,-14358.4892932619,NA,-1542.6973855249,NA,-1860.4252536353,NA,17273,"csci","Peak_10",15,"0.7"
"238","csci_Peak_2_15_0.7",-1795.38504491756,98.6960354350024,-1795.38504491756,98.6960354350024,-5431.86585617909,2154.95793034061,-267.193533365546,1.2328115024823,-5248.57381659574,219.954792908061,-1821.35696959487,106.541797170579,-1903.85349143397,131.366748978972,17980,"csci","Peak_2",15,"0.7"
"239","csci_Peak_5_15_0.7",-1666.83862486291,3119.86864791634,-1666.83862486291,3119.86864791634,-18744.3552573267,NA,-778.213985025474,465.246182662791,-18493.6551157364,NA,-1736.0116372038,3243.63856818345,-1969.43954079801,3673.8984454946,18999,"csci","Peak_5",15,"0.7"
"240","csci_SP_Mag_15_0.7",-47.2657481162058,237.756144830374,-47.2657481162058,237.756144830374,-113.300651871206,NA,NA,24.8974144336285,-96.6139628635815,305.332698776725,-51.5240236932994,242.415349626224,-64.0144566748573,256.705754743409,14103,"csci","SP_Mag",15,"0.7"
"241","csci_Wet_BFL_Mag_10_15_0.7",-12.1874018256251,10.0726650498995,-12.1874018256251,10.0726650498995,-15.7244641600446,29.9468907853404,-2.4134707211341,1.45084648797905,-14.7353021530547,28.0135954750204,-12.3945750211554,10.2944100253262,-13.0138224622489,11.0099460979151,79019,"csci","Wet_BFL_Mag_10",15,"0.7"
"242","csci_Wet_BFL_Mag_50_15_0.7",-231.795432137839,35.8013405666252,-231.795432137839,35.8013405666252,-268.265613503316,178.35946674393,-92.0723479668961,0.744035822385019,-257.985435048231,171.547828994372,-233.864494833977,37.4900314588747,-240.136504301398,44.0176309297847,143499,"csci","Wet_BFL_Mag_50",15,"0.7"
"243","csci_Q99_15_0.7",-845.343384487551,NA,-845.343384487551,NA,-4611.10101712574,NA,-258.426364371052,187.700991105653,-4402.72287642368,NA,-880.352561038563,NA,-996.188814985333,NA,33828,"csci","Q99",15,"0.7"
"244","csci_DS_Mag_50_15_0.5",-8.42134776484638,2.18241622092014,-8.42134776484638,2.18241622092014,-24.2636707544068,11.2722975730578,NA,NA,-19.3072088524744,9.24601723842715,-9.21704045153921,2.77242854792659,-11.6099496687209,4.58441679614629,14141,"csci","DS_Mag_50",15,"0.5"
"245","csci_FA_Mag_15_0.5",-20.4376188687501,29.5692189140165,-20.4376188687501,29.5692189140165,-94.7150770643363,66.1613291964325,NA,NA,-78.8842504833707,57.112885834065,-26.8248108926657,32.5826143317559,-43.5135764472361,40.1003089435244,11590,"csci","FA_Mag",15,"0.5"
"246","csci_Peak_10_15_0.5",-191.889337730949,1329.01422077843,-191.889337730949,1329.01422077843,-1565.10969622965,6151.18948766052,NA,NA,-1187.59309395973,5350.31441179159,-282.28308596001,1512.84709514302,-529.669532201525,2285.43071535469,17273,"csci","Peak_10",15,"0.5"
"247","csci_Peak_2_15_0.5",-12.2524340493677,1486.18250736467,-12.2524340493677,1486.18250736467,-1885.86154020754,108.167094195433,NA,NA,-386.738547250913,77.7757025533809,-3.85661755186936,1452.4492959032,-280.221368224357,19.5633801179171,17980,"csci","Peak_2",15,"0.5"
"248","csci_Peak_5_15_0.5",-605.904164763019,63.1954591139519,-605.904164763019,63.1954591139519,-1809.9124599795,3477.00171344196,-10752.5674545789,NA,-1543.1079729184,3021.39849037064,-738.784177459107,198.054939977216,-1012.9636842268,532.130014653984,18999,"csci","Peak_5",15,"0.5"
"249","csci_SP_Mag_15_0.5",NA,9.91473841372791,NA,9.91473841372791,-67.589603153766,258.619104943755,NA,NA,-51.4404148746374,238.157584532842,NA,2.7157849159968,-15.014028549362,193.642189130123,14103,"csci","SP_Mag",15,"0.5"
"250","csci_Wet_BFL_Mag_10_15_0.5",-3.23793672491295,1.24169365228641,-3.23793672491295,1.24169365228641,-13.2256845363259,10.521503894729,-27.7836967706555,NA,-12.3800560719201,9.64892644095999,-2.70096642538107,0.829649314059408,-10.5573731106734,8.02317502493774,79019,"csci","Wet_BFL_Mag_10",15,"0.5"
"251","csci_Wet_BFL_Mag_50_15_0.5",-103.098231588862,NA,-103.098231588862,NA,-43.0158086281034,34.4452893781218,-124.201726961625,NA,-35.3899886872074,28.9870677582189,-5.44692815847985,12.5669442617502,-18.9118105007021,18.6477359624251,143499,"csci","Wet_BFL_Mag_50",15,"0.5"
"252","csci_Q99_15_0.5",-86.584816557134,24.5123410053553,-86.584816557134,24.5123410053553,-861.454391174135,NA,-15862.8650942443,NA,-741.678226755458,NA,-166.946608794681,93.6677315707432,-372.999729595581,237.815655357788,33828,"csci","Q99",15,"0.5"
"253","csci_DS_Mag_50_15_0.1",NA,NA,NA,NA,NA,NA,NA,NA,NA,NA,NA,NA,NA,NA,14141,"csci","DS_Mag_50",15,"0.1"
"254","csci_FA_Mag_15_0.1",NA,NA,NA,NA,NA,NA,NA,NA,NA,NA,NA,NA,NA,NA,11590,"csci","FA_Mag",15,"0.1"
"255","csci_Peak_10_15_0.1",NA,NA,NA,NA,NA,NA,NA,NA,NA,NA,NA,NA,NA,NA,17273,"csci","Peak_10",15,"0.1"
"256","csci_Peak_2_15_0.1",NA,NA,NA,NA,-3210.56525770503,NA,NA,NA,NA,NA,NA,NA,NA,NA,17980,"csci","Peak_2",15,"0.1"
"257","csci_Peak_5_15_0.1",NA,NA,NA,NA,-4342.49200782459,NA,NA,NA,NA,NA,NA,NA,NA,NA,18999,"csci","Peak_5",15,"0.1"
"258","csci_SP_Mag_15_0.1",NA,NA,NA,NA,NA,1986.07296204763,NA,NA,NA,2073.14517397351,NA,NA,NA,2239.61475525246,14103,"csci","SP_Mag",15,"0.1"
"259","csci_Wet_BFL_Mag_10_15_0.1",NA,NA,NA,NA,NA,NA,NA,NA,NA,NA,NA,NA,NA,NA,79019,"csci","Wet_BFL_Mag_10",15,"0.1"
"260","csci_Wet_BFL_Mag_50_15_0.1",NA,NA,NA,NA,-133.623564405391,NA,NA,NA,-143.975878567057,NA,NA,NA,NA,NA,143499,"csci","Wet_BFL_Mag_50",15,"0.1"
"261","csci_Q99_15_0.1",NA,NA,NA,NA,-13385.4694062039,NA,NA,NA,-15109.424922151,NA,NA,NA,NA,NA,33828,"csci","Q99",15,"0.1"
"262","csci_DS_Mag_50_15_0.3",NA,NA,NA,NA,-12.0990598607494,3.98069486246491,NA,NA,-8.79814652584299,1.64248690218745,NA,NA,NA,NA,14141,"csci","DS_Mag_50",15,"0.3"
"263","csci_FA_Mag_15_0.3",NA,NA,NA,NA,-64.6648231941888,35.2622713444925,NA,NA,-46.266035543411,22.621552450031,NA,NA,NA,NA,11590,"csci","FA_Mag",15,"0.3"
"264","csci_Peak_10_15_0.3",NA,NA,NA,NA,-354.332112262237,3780.96276102721,NA,NA,NA,27.7278864792269,NA,NA,NA,NA,17273,"csci","Peak_10",15,"0.3"
"265","csci_Peak_2_15_0.3",-3060.71235367358,NA,-3060.71235367358,NA,-250.308714344779,7.70425064931541,NA,NA,-27.3101455671241,1429.36016591756,-1117.32421051985,NA,-978.236904554289,NA,17980,"csci","Peak_2",15,"0.3"
"266","csci_Peak_5_15_0.3",-9944.22921300535,NA,-9944.22921300535,NA,-889.175030335912,274.824184929096,-11375.9803342448,NA,-3807.34385619474,5367.43332799521,-4531.24278922272,NA,-4248.56653305322,NA,18999,"csci","Peak_5",15,"0.3"
"267","csci_SP_Mag_15_0.3",NA,2255.82550558744,NA,2255.82550558744,-17.56740058593,186.051839758872,NA,NA,NA,5.45545136569535,NA,2226.45962646635,NA,2137.88114794527,14103,"csci","SP_Mag",15,"0.3"
"268","csci_Wet_BFL_Mag_10_15_0.3",-29.0073191758393,NA,-29.0073191758393,NA,-1.09413569420331,7.87984202723194,-32.0366905588141,NA,-4.55672855919087,1.35175167420483,-28.8160937732599,NA,-28.2662954724523,NA,79019,"csci","Wet_BFL_Mag_10",15,"0.3"
"269","csci_Wet_BFL_Mag_50_15_0.3",-122.61882592485,NA,-122.61882592485,NA,-16.194317934015,12.9801260699627,-145.520446987524,NA,-108.586269604446,105.310910655996,-121.359867246479,NA,-117.718933655663,NA,143499,"csci","Wet_BFL_Mag_50",15,"0.3"
"270","csci_Q99_15_0.3",-15240.0704460788,NA,-15240.0704460788,NA,-213.811514251898,186.982893082734,-17576.9260124527,NA,-13658.9798065487,NA,-15093.407589586,NA,-14672.0293039382,NA,33828,"csci","Q99",15,"0.3"
"271","csci_DS_Mag_50_18_0.99",NA,20.6798721012861,NA,20.6798721012861,NA,53.1039153057986,NA,15.5951964185422,NA,51.3295079727272,NA,46.8504359308311,NA,48.0361802549596,14141,"csci","DS_Mag_50",18,"0.99"
"272","csci_FA_Mag_18_0.99",NA,264.824814134016,NA,264.824814134016,NA,847.076947036392,-185.911653849949,187.349732738646,NA,360.408944188637,NA,271.234402942934,NA,291.354453710746,11590,"csci","FA_Mag",18,"0.99"
"273","csci_Peak_10_18_0.99",-21110.5689234813,NA,-21110.5689234813,NA,NA,NA,-16548.6976120196,NA,-24467.031164787,NA,-21405.1079198228,NA,-22267.1390988215,NA,17273,"csci","Peak_10",18,"0.99"
"274","csci_Peak_2_18_0.99",NA,NA,NA,NA,NA,NA,-4306.82064826201,NA,NA,NA,NA,NA,NA,NA,17980,"csci","Peak_2",18,"0.99"
"275","csci_Peak_5_18_0.99",-19279.1425243292,NA,-19279.1425243292,NA,-21082.4702974325,NA,-17765.7833152502,NA,-20627.571533269,NA,-19390.3201011481,NA,-19725.2954478344,NA,18999,"csci","Peak_5",18,"0.99"
"276","csci_SP_Mag_18_0.99",-1084.33856189635,NA,-1084.33856189635,NA,NA,NA,-744.69677352179,NA,NA,NA,-1100.47522832483,NA,NA,NA,14103,"csci","SP_Mag",18,"0.99"
"277","csci_Wet_BFL_Mag_10_18_0.99",-85.7700334936545,39.15824886841,-85.7700334936545,39.15824886841,NA,55.5802671118375,-81.7688198124333,31.7610196063704,NA,49.770479582613,-86.0622678732366,39.8474050494247,-86.9319714939416,42.0705588155096,79019,"csci","Wet_BFL_Mag_10",18,"0.99"
"278","csci_Wet_BFL_Mag_50_18_0.99",NA,189.260996785347,NA,189.260996785347,NA,NA,-358.624582807619,152.512787153555,NA,NA,NA,192.016346234269,NA,200.258785042442,143499,"csci","Wet_BFL_Mag_50",18,"0.99"
"279","csci_Q99_18_0.99",-4303.54332357844,NA,-4303.54332357844,NA,-5160.97720245838,NA,-3753.69904950444,NA,-4916.23842840606,NA,-4349.40759697584,NA,-4491.90188431356,NA,33828,"csci","Q99",18,"0.99"
"280","csci_DS_Mag_50_18_0.9",NA,14.8105513310148,NA,14.8105513310148,NA,48.3820541928721,NA,9.74295891987695,NA,45.6159309111534,NA,15.238343753661,NA,16.6368353357041,14141,"csci","DS_Mag_50",18,"0.9"
"281","csci_FA_Mag_18_0.9",-135.023933450894,96.431033102983,-135.023933450894,96.431033102983,NA,292.455791446259,-48.8904915606895,62.8809240043058,NA,275.259970183186,-142.805331744611,102.490669700613,NA,236.041987051211,11590,"csci","FA_Mag",18,"0.9"
"282","csci_Peak_10_18_0.9",-7179.97771928092,NA,-7179.97771928092,NA,-21697.5689270721,NA,-1314.23099019459,5985.94819887178,-20707.30822606,NA,-7291.60625777484,NA,-7928.03933165317,NA,17273,"csci","Peak_10",18,"0.9"
"283","csci_Peak_2_18_0.9",-3305.15334340932,2063.0948101966,-3305.15334340932,2063.0948101966,-4416.39269264183,2220.10716070015,-1603.94608751374,120.98572751514,-4170.95881524917,2183.46315540049,-3399.20034826168,2074.04789419625,-3641.39318726866,2105.64787658846,17980,"csci","Peak_2",18,"0.9"
"284","csci_Peak_5_18_0.9",-18168.6923122794,NA,-18168.6923122794,NA,-19570.5778048743,NA,-1435.79661664935,2912.74027265976,-19170.5925278747,NA,-18251.6543602875,NA,-18493.6538776967,NA,18999,"csci","Peak_5",18,"0.9"
"285","csci_SP_Mag_18_0.9",-388.494300916324,NA,-388.494300916324,NA,-1055.43195765308,NA,-145.573843093706,361.976949749011,-1010.14599721365,NA,-444.437668585269,NA,-891.899991100889,NA,14103,"csci","SP_Mag",18,"0.9"
"286","csci_Wet_BFL_Mag_10_18_0.9",-83.0734588675109,28.6926861925813,-83.0734588675109,28.6926861925813,-87.2554260241015,37.063409194442,-12.7240058209658,12.1751491199125,-86.2511821081136,34.7458441881908,-83.3532019213127,29.2085961827815,-84.1722234221745,30.7002587491564,79019,"csci","Wet_BFL_Mag_10",18,"0.9"
"287","csci_Wet_BFL_Mag_50_18_0.9",NA,138.244139467967,NA,138.244139467967,NA,188.392184097433,-286.632455374537,88.8965875821465,NA,176.318332058718,NA,141.58508565663,NA,151.380698464865,143499,"csci","Wet_BFL_Mag_50",18,"0.9"
"288","csci_Q99_18_0.9",-4247.56300352701,NA,-4247.56300352701,NA,-5466.33797935552,NA,-878.57355233818,NA,-5097.87786471922,NA,-4308.80860127847,NA,-4501.13989359839,NA,33828,"csci","Q99",18,"0.9"
"289","csci_DS_Mag_50_18_0.7",-20.8957571606592,9.74888138865499,-20.8957571606592,9.74888138865499,NA,16.9768796861551,-8.41162549897007,2.52028361914764,NA,15.0565659946541,-22.1074050475141,10.1875148285155,-25.769124165635,11.4838192234105,14141,"csci","DS_Mag_50",18,"0.7"
"290","csci_FA_Mag_18_0.7",-64.230069161788,57.1880947771178,-64.230069161788,57.1880947771178,-118.432729105298,260.621672984431,-0.630147860241343,33.6903920906738,-104.075205216362,92.6192584247813,-67.7231875447004,58.9703701677551,-77.8018000740936,64.7049921342194,11590,"csci","FA_Mag",18,"0.7"
"291","csci_Peak_10_18_0.7",-927.529894908782,5111.16964908627,-927.529894908782,5111.16964908627,-3397.79642865228,NA,-420.417315892686,780.463370072299,-3221.80411493753,6258.14235922089,-980.017532187585,5188.53357173014,-2856.06343170347,5422.5778695697,17273,"csci","Peak_10",18,"0.7"
"292","csci_Peak_2_18_0.7",-1798.25811911745,94.627062259192,-1798.25811911745,94.627062259192,-5432.63051264574,2162.64064727019,-258.939288285065,2.44094863276204,-5247.04199085277,215.126868809348,-1826.35522112897,102.139412016151,-1917.48304697747,126.07047600914,17980,"csci","Peak_2",18,"0.7"
"293","csci_Peak_5_18_0.7",-1682.21791943767,724.226037504042,-1682.21791943767,724.226037504042,-6829.50442994813,NA,-998.932863781357,260.152442607229,-2205.75798864846,4101.72154929391,-1716.45764428997,813.409343439694,-1820.62090444285,3253.73762081746,18999,"csci","Peak_5",18,"0.7"
"294","csci_SP_Mag_18_0.7",-46.8241860457954,233.702105536462,-46.8241860457954,233.702105536462,-109.494673630208,NA,NA,22.4398540898301,-93.3536017478675,313.46056392366,-50.7941314764523,238.470081942275,-62.4750302429699,253.663715218645,14103,"csci","SP_Mag",18,"0.7"
"295","csci_Wet_BFL_Mag_10_18_0.7",-11.7656933943956,9.87632476585361,-11.7656933943956,9.87632476585361,-15.1209539923143,29.7950605489506,-2.5727092340491,1.32499502423748,-14.1910865158618,28.2968444262687,-11.961980535456,10.074986525396,-12.5508576534697,10.7275200104916,79019,"csci","Wet_BFL_Mag_10",18,"0.7"
"296","csci_Wet_BFL_Mag_50_18_0.7",-231.684751581851,35.0874739599717,-231.684751581851,35.0874739599717,-266.891143796086,180.051369233682,-1.6262587424198,16.7284927885377,-257.004909299845,173.466987693582,-233.68591381363,36.7796604984042,-239.753751200114,43.5027590954027,143499,"csci","Wet_BFL_Mag_50",18,"0.7"
"297","csci_Q99_18_0.7",-279.06019570581,189.139205881073,-279.06019570581,189.139205881073,-1071.90956093755,NA,-149.960540758339,22.5565467683786,-1018.30213315341,NA,-301.518053488743,674.647540817204,-944.440586174056,NA,33828,"csci","Q99",18,"0.7"
"298","csci_DS_Mag_50_18_0.5",-8.48036328777131,2.18266557162018,-8.48036328777131,2.18266557162018,-24.396922345788,11.2348796069472,NA,NA,-19.3521009672444,9.26951616955056,-9.24571629750165,2.74989140583248,-11.5363012790217,4.53367797461407,14141,"csci","DS_Mag_50",18,"0.5"
"299","csci_FA_Mag_18_0.5",-21.9533202302729,29.9035397804238,-21.9533202302729,29.9035397804238,-91.769532893288,65.6146047005473,NA,NA,-77.0577908271337,56.4325878001757,-29.0795295401957,32.7376370977453,-45.5032127062212,39.858068002616,11590,"csci","FA_Mag",18,"0.5"
"300","csci_Peak_10_18_0.5",-311.029044212681,659.144052184561,-311.029044212681,659.144052184561,-944.420960203071,5307.10835806274,NA,NA,-760.19642116288,5082.87085622158,-356.1802988859,906.507242234028,-473.5778142943,1572.37782307841,17273,"csci","Peak_10",18,"0.5"
"301","csci_Peak_2_18_0.5",-11.8562604599252,1554.24621467702,-11.8562604599252,1554.24621467702,-1955.06775231475,107.135683292585,-3484.75236486388,NA,-393.689208170644,76.8403398082279,-3.5910086045063,1515.37398443633,-277.073527738526,19.434209643111,17980,"csci","Peak_2",18,"0.5"
"302","csci_Peak_5_18_0.5",-164.199910796881,146.19508794947,-164.199910796881,146.19508794947,-1783.00304859282,683.668262306107,-8942.44075399976,NA,-1656.47197666528,520.543473917421,-241.003918689751,189.268002856469,-1346.24393595721,288.430462521027,18999,"csci","Peak_5",18,"0.5"
"303","csci_SP_Mag_18_0.5",NA,7.86269079714569,NA,7.86269079714569,-66.3312764471247,256.6800242053,NA,NA,-50.7233019573679,235.105239526139,NA,0.927337199670178,-15.9778369801587,192.445904226599,14103,"csci","SP_Mag",18,"0.5"
"304","csci_Wet_BFL_Mag_10_18_0.5",-3.29455477152327,1.15255628630268,-3.29455477152327,1.15255628630268,-12.8703036000549,10.1904688399391,-27.763101461479,NA,-12.0572518581773,9.43223022434674,-2.87747022626124,0.68963876956081,-10.3325986826511,8.0487044420355,79019,"csci","Wet_BFL_Mag_10",18,"0.5"
"305","csci_Wet_BFL_Mag_50_18_0.5",-101.725029376585,NA,-101.725029376585,NA,-42.7105282923663,33.9712022052371,-123.290955886069,NA,-35.2252187709435,28.6626617737731,-4.60585738748292,12.5445050083976,-20.4176145606632,18.8823904800257,143499,"csci","Wet_BFL_Mag_50",18,"0.5"
"306","csci_Q99_18_0.5",-128.899879648094,3.22086987512251,-128.899879648094,3.22086987512251,-268.993346736504,594.007084461922,NA,NA,-224.810532926933,106.368913461875,-137.884124058427,11.9046438419433,-162.153176666103,35.8958508710471,33828,"csci","Q99",18,"0.5"
"307","csci_DS_Mag_50_18_0.1",NA,NA,NA,NA,NA,NA,NA,NA,NA,NA,NA,NA,NA,NA,14141,"csci","DS_Mag_50",18,"0.1"
"308","csci_FA_Mag_18_0.1",NA,NA,NA,NA,NA,NA,NA,NA,NA,NA,NA,NA,NA,NA,11590,"csci","FA_Mag",18,"0.1"
"309","csci_Peak_10_18_0.1",NA,NA,NA,NA,NA,NA,NA,NA,NA,NA,NA,NA,NA,NA,17273,"csci","Peak_10",18,"0.1"
"310","csci_Peak_2_18_0.1",-3256.98374040403,NA,-3256.98374040403,NA,-2791.87052774729,NA,NA,NA,-2880.66132599934,NA,-3213.59260644143,NA,-3102.50955114689,NA,17980,"csci","Peak_2",18,"0.1"
"311","csci_Peak_5_18_0.1",NA,NA,NA,NA,-4201.98340867925,NA,NA,NA,-4579.74940343066,NA,NA,NA,NA,NA,18999,"csci","Peak_5",18,"0.1"
"312","csci_SP_Mag_18_0.1",NA,NA,NA,NA,NA,1985.78148967657,NA,NA,NA,2073.14744166468,NA,NA,NA,2240.20751871153,14103,"csci","SP_Mag",18,"0.1"
"313","csci_Wet_BFL_Mag_10_18_0.1",NA,NA,NA,NA,NA,NA,NA,NA,NA,NA,NA,NA,NA,NA,79019,"csci","Wet_BFL_Mag_10",18,"0.1"
"314","csci_Wet_BFL_Mag_50_18_0.1",NA,NA,NA,NA,-135.44160809454,NA,NA,NA,-147.316456906279,NA,NA,NA,NA,NA,143499,"csci","Wet_BFL_Mag_50",18,"0.1"
"315","csci_Q99_18_0.1",NA,NA,NA,NA,-13448.3510730128,NA,NA,NA,-15019.3075414194,NA,NA,NA,NA,NA,33828,"csci","Q99",18,"0.1"
"316","csci_DS_Mag_50_18_0.3",NA,NA,NA,NA,-12.0187172198305,3.9467912461543,NA,NA,-8.81608698683535,1.64080998518173,NA,NA,NA,NA,14141,"csci","DS_Mag_50",18,"0.3"
"317","csci_FA_Mag_18_0.3",NA,NA,NA,NA,-64.2868357938329,35.3669314539573,NA,NA,-47.1515700245524,22.9450772059522,NA,NA,NA,NA,11590,"csci","FA_Mag",18,"0.3"
"318","csci_Peak_10_18_0.3",NA,NA,NA,NA,-372.366509309563,2144.7211535375,NA,NA,-175.768683636801,565.362113615178,NA,NA,NA,NA,17273,"csci","Peak_10",18,"0.3"
"319","csci_Peak_2_18_0.3",-2970.87894154,NA,-2970.87894154,NA,-251.741391387078,6.55299551044405,NA,NA,-29.383620029606,1468.25869413662,-1083.61079722938,NA,-961.775956362756,NA,17980,"csci","Peak_2",18,"0.3"
"320","csci_Peak_5_18_0.3",-4457.21559554055,5687.02739406837,-4457.21559554055,5687.02739406837,-257.229163853578,219.055430072229,-9220.50961907294,NA,-3501.82559139378,5447.38187378433,-4337.76504702685,5667.30668159862,-4049.85921224008,5608.0324858837,18999,"csci","Peak_5",18,"0.3"
"321","csci_SP_Mag_18_0.3",NA,2251.47996134701,NA,2251.47996134701,-17.5510527670994,186.067241755496,NA,NA,NA,4.49543872913353,NA,2218.15461764899,NA,2117.86508048704,14103,"csci","SP_Mag",18,"0.3"
"322","csci_Wet_BFL_Mag_10_18_0.3",-28.6302064105251,NA,-28.6302064105251,NA,-0.763193925749995,7.90436575173993,-31.4931613087976,NA,-4.41270013974338,1.36263884700582,-28.4471113132734,NA,-27.919583182809,NA,79019,"csci","Wet_BFL_Mag_10",18,"0.3"
"323","csci_Wet_BFL_Mag_50_18_0.3",-122.505044570312,NA,-122.505044570312,NA,-15.9938300177952,12.5257467861914,-147.233348909266,NA,-108.00305688918,106.120802965486,-121.199547321262,NA,-117.431136712438,NA,143499,"csci","Wet_BFL_Mag_50",18,"0.3"
"324","csci_Q99_18_0.3",-557.324867256075,NA,-557.324867256075,NA,-142.990656865508,21.3310192545816,-7949.85578363267,NA,-15.0452477300555,1188.09114696065,-547.094369981696,NA,-521.894459200138,NA,33828,"csci","Q99",18,"0.3"
"325","csci_DS_Mag_50_20_0.99",NA,20.5409830422268,NA,20.5409830422268,NA,53.0199500488242,NA,15.5610336488204,NA,51.2804434455483,NA,46.8854916205933,NA,48.0636379986066,14141,"csci","DS_Mag_50",20,"0.99"
"326","csci_FA_Mag_20_0.99",NA,266.269095157689,NA,266.269095157689,NA,857.231857245921,-180.388402261053,187.50068748554,NA,360.765508782845,NA,272.668086948915,NA,292.673762732424,11590,"csci","FA_Mag",20,"0.99"
"327","csci_Peak_10_20_0.99",-7078.80427102949,NA,-7078.80427102949,NA,-19904.2063454768,NA,-3609.15819809607,6093.00669430232,-7745.27601627355,NA,-7114.9793365186,NA,-7234.01375028256,NA,17273,"csci","Peak_10",20,"0.99"
"328","csci_Peak_2_20_0.99",NA,NA,NA,NA,NA,NA,-4338.6499965103,NA,NA,NA,NA,NA,NA,NA,17980,"csci","Peak_2",20,"0.99"
"329","csci_Peak_5_20_0.99",-19269.0923182851,NA,-19269.0923182851,NA,-21073.3993091957,NA,-17810.5862949459,NA,-20612.9875639449,NA,-19378.4359816827,NA,-19709.612236961,NA,18999,"csci","Peak_5",20,"0.99"
"330","csci_SP_Mag_20_0.99",-1084.01870933628,NA,-1084.01870933628,NA,NA,NA,-834.400961620354,NA,NA,NA,-1097.52168069123,NA,NA,NA,14103,"csci","SP_Mag",20,"0.99"
"331","csci_Wet_BFL_Mag_10_20_0.99",-86.1930106676923,43.7056634440995,-86.1930106676923,43.7056634440995,NA,63.3521103672957,-81.3433625084302,33.7868333860946,NA,57.2130149044057,-86.5455975169698,44.6248624932288,-87.5959033565476,47.5685230915988,79019,"csci","Wet_BFL_Mag_10",20,"0.99"
"332","csci_Wet_BFL_Mag_50_20_0.99",NA,192.366851444218,NA,192.366851444218,NA,NA,-365.639323868501,155.249668946094,NA,NA,NA,195.157374201852,NA,203.511748881636,143499,"csci","Wet_BFL_Mag_50",20,"0.99"
"333","csci_Q99_20_0.99",-4307.01027020545,NA,-4307.01027020545,NA,-5173.31805094377,NA,-3758.56909247291,NA,-4925.56363826354,NA,-4353.24949648859,NA,-4496.96611898681,NA,33828,"csci","Q99",20,"0.99"
"334","csci_DS_Mag_50_20_0.9",NA,14.8014105407052,NA,14.8014105407052,NA,48.4015741648061,NA,9.74819725116512,NA,45.6084104978376,NA,15.2316568920311,NA,16.6576583684702,14141,"csci","DS_Mag_50",20,"0.9"
"335","csci_FA_Mag_20_0.9",-135.332350476428,96.1887014524177,-135.332350476428,96.1887014524177,NA,293.684877196096,-49.3010058408322,62.9768235428913,NA,276.590082239453,-143.254575235827,102.343897369795,NA,237.281988589537,11590,"csci","FA_Mag",20,"0.9"
"336","csci_Peak_10_20_0.9",-3628.39384383304,NA,-3628.39384383304,NA,-19738.4565906385,NA,-1274.33335124519,5824.41700659639,-19267.9221358479,NA,-7025.05588846544,NA,-7223.56002330322,NA,17273,"csci","Peak_10",20,"0.9"
"337","csci_Peak_2_20_0.9",-3394.20401529536,2062.70062940564,-3394.20401529536,2062.70062940564,-4481.17834787842,2222.24428720827,-1605.62167970449,121.901773787874,-4238.76196276305,2184.90011089517,-3484.35089989968,2073.7795733009,-3719.14178653946,2105.79730323256,17980,"csci","Peak_2",20,"0.9"
"338","csci_Peak_5_20_0.9",-18172.492922529,NA,-18172.492922529,NA,-19508.56058752,NA,-1437.4512372929,2893.84012605514,-19125.3016324019,NA,-18251.1422825384,NA,-18481.1787131522,NA,18999,"csci","Peak_5",20,"0.9"
"339","csci_SP_Mag_20_0.9",-313.318978504628,NA,-313.318978504628,NA,-1053.44517420303,NA,-133.531925357171,347.268429645377,-1012.92239540714,NA,-340.522057350397,NA,-908.705925536635,NA,14103,"csci","SP_Mag",20,"0.9"
"340","csci_Wet_BFL_Mag_10_20_0.9",-83.0734715581419,28.7156620758979,-83.0734715581419,28.7156620758979,-87.2479319209226,36.9758914918289,-12.6211973231508,12.1857073495632,-86.2449097628034,34.7251413070323,-83.3524566507875,29.239326411848,-84.1695285223259,30.7401366421564,79019,"csci","Wet_BFL_Mag_10",20,"0.9"
"341","csci_Wet_BFL_Mag_50_20_0.9",NA,138.794235143775,NA,138.794235143775,NA,188.880232854633,-286.847474679897,89.6351052241609,NA,176.813329417034,NA,142.127812835432,NA,151.905029523105,143499,"csci","Wet_BFL_Mag_50",20,"0.9"
"342","csci_Q99_20_0.9",-1111.62753488716,NA,-1111.62753488716,NA,-4405.20954023334,NA,-889.332698486933,NA,-4269.02659064848,NA,-3912.1595918351,NA,-4010.9232054582,NA,33828,"csci","Q99",20,"0.9"
"343","csci_DS_Mag_50_20_0.7",-20.8845992412473,9.76048192639081,-20.8845992412473,9.76048192639081,NA,16.9890039365408,-8.40435429949994,2.51755323924935,NA,15.0472574646332,-22.098878328462,10.2029901604737,-25.7668438098546,11.5021559657541,14141,"csci","DS_Mag_50",20,"0.7"
"344","csci_FA_Mag_20_0.7",-62.2998904486759,57.0119285684802,-62.2998904486759,57.0119285684802,-120.014698820834,263.36335592898,-0.42062359806412,33.6997083806994,-104.348337173588,91.1007231674314,-65.8720047059746,58.8259203798649,-76.320372873396,64.6590906581698,11590,"csci","FA_Mag",20,"0.7"
"345","csci_Peak_10_20_0.7",-987.037726762816,5249.56541576213,-987.037726762816,5249.56541576213,-3428.24782119738,5966.359742348,-402.21508740934,673.999330606857,-3289.45260150167,5790.09491167921,-1038.01659464218,5301.5203560779,-1234.04766865808,5444.58799623153,17273,"csci","Peak_10",20,"0.7"
"346","csci_Peak_2_20_0.7",-1777.30309870045,92.3009287824004,-1777.30309870045,92.3009287824004,-5337.63871889946,2160.47409092469,-259.112243776967,2.91898439310068,-5136.63568967842,214.450781846236,-1799.86288463889,99.6391620229357,-1871.13340800848,123.154758351569,17980,"csci","Peak_2",20,"0.7"
"347","csci_Peak_5_20_0.7",-1684.17129274931,2935.07223847012,-1684.17129274931,2935.07223847012,-6900.08827587035,NA,-439.490799054014,241.329798916923,-2132.55122380982,4031.42160057003,-1715.35417433873,3013.86933890893,-1809.87197790002,3249.4684755843,18999,"csci","Peak_5",20,"0.7"
"348","csci_SP_Mag_20_0.7",-47.945329268978,233.835686895168,-47.945329268978,233.835686895168,-113.398183538469,NA,NA,19.6303964552996,-96.9872719883503,317.144356710919,-52.15503606615,238.223589203206,-64.5604668271451,252.295994516379,14103,"csci","SP_Mag",20,"0.7"
"349","csci_Wet_BFL_Mag_10_20_0.7",-11.5385106750039,9.87734859698638,-11.5385106750039,9.87734859698638,-14.2964013885197,29.849761629284,-2.60747230024967,1.37696515632202,-13.5649365717162,28.3557241495233,-11.7063315582829,10.074594605752,-12.2066602432388,10.7166470755119,79019,"csci","Wet_BFL_Mag_10",20,"0.7"
"350","csci_Wet_BFL_Mag_50_20_0.7",-230.52802558109,34.5320323900237,-230.52802558109,34.5320323900237,-265.061734703335,180.384011109482,-1.6866732126738,16.7790772618246,-255.433495640839,173.926915973532,-232.503181561659,36.1106493795897,-238.487159186715,42.4269569907404,143499,"csci","Wet_BFL_Mag_50",20,"0.7"
"351","csci_Q99_20_0.7",-289.65991451976,200.198918954474,-289.65991451976,200.198918954474,-1076.0844117404,NA,-149.851512857899,24.7665965800366,-1021.42654855948,NA,-922.43038138139,672.858610218638,-946.806507575473,NA,33828,"csci","Q99",20,"0.7"
"352","csci_DS_Mag_50_20_0.5",-8.46704924891686,2.17662132463759,-8.46704924891686,2.17662132463759,-24.3785034777289,11.2552481376321,NA,NA,-19.3221425173597,9.27497539894187,-9.22664394600521,2.74444207914117,-11.5017420136316,4.53794904553236,14141,"csci","DS_Mag_50",20,"0.5"
"353","csci_FA_Mag_20_0.5",-22.4738389214323,29.9059637269823,-22.4738389214323,29.9059637269823,-91.3083788650805,65.7165376827753,NA,NA,-76.2525452706581,56.4566946967873,-29.2606259226952,32.6818029780327,-44.8765439292083,39.7341347585409,11590,"csci","FA_Mag",20,"0.5"
"354","csci_Peak_10_20_0.5",-286.377971464619,612.531462253523,-286.377971464619,612.531462253523,-1008.1983230472,5433.82161531867,NA,NA,-800.89236671295,5240.63956969197,-337.597723718281,723.975301779121,-472.107369010023,2195.25894017692,17273,"csci","Peak_10",20,"0.5"
"355","csci_Peak_2_20_0.5",-10.3079087285261,1545.52451001995,-10.3079087285261,1545.52451001995,-1885.22709726515,102.950327515403,NA,NA,-396.466719251415,74.1173786231927,-2.33654179124989,1510.5161763363,-279.507732229679,19.6801729494374,17980,"csci","Peak_2",20,"0.5"
"356","csci_Peak_5_20_0.5",-190.027170713367,121.459050911761,-190.027170713367,121.459050911761,-1786.57119905126,3170.91908416246,-8924.71434166426,NA,-1673.44643045215,560.751674987516,-254.432325500209,165.148450405563,-1393.9633424227,271.059372608121,18999,"csci","Peak_5",20,"0.5"
"357","csci_SP_Mag_20_0.5",NA,8.62898618945749,NA,8.62898618945749,-67.3246711480672,253.54729561163,NA,NA,-50.9993867558403,234.49115383372,NA,1.98862420998578,-14.8605335751441,195.987176659702,14103,"csci","SP_Mag",20,"0.5"
"358","csci_Wet_BFL_Mag_10_20_0.5",-3.35907998819753,1.15843841378368,-3.35907998819753,1.15843841378368,-12.6085813550135,10.2118786623773,-27.8562936018502,NA,-11.8473973334903,9.41612384919639,-2.96044616641741,0.652589849478776,-10.2359340578899,8.00180593141119,79019,"csci","Wet_BFL_Mag_10",20,"0.5"
"359","csci_Wet_BFL_Mag_50_20_0.5",-100.569183717394,113.501078578904,-100.569183717394,113.501078578904,-42.2448548184915,33.5745194130113,-122.3580742716,NA,-35.2064717359332,28.608080160225,-5.12504408999498,12.7051982105214,-21.324871753088,18.8775707030315,143499,"csci","Wet_BFL_Mag_50",20,"0.5"
"360","csci_Q99_20_0.5",-125.325559254093,4.28529066701655,-125.325559254093,4.28529066701655,-279.584035938159,591.808101517252,-4754.21111670214,NA,-226.81594980035,103.606422749573,-134.708151392128,12.9160049798697,-160.080426005678,36.5130446385156,33828,"csci","Q99",20,"0.5"
"361","csci_DS_Mag_50_20_0.1",NA,NA,NA,NA,NA,NA,NA,NA,NA,NA,NA,NA,NA,NA,14141,"csci","DS_Mag_50",20,"0.1"
"362","csci_FA_Mag_20_0.1",NA,NA,NA,NA,NA,NA,NA,NA,NA,NA,NA,NA,NA,NA,11590,"csci","FA_Mag",20,"0.1"
"363","csci_Peak_10_20_0.1",NA,NA,NA,NA,NA,NA,NA,NA,NA,NA,NA,NA,NA,NA,17273,"csci","Peak_10",20,"0.1"
"364","csci_Peak_2_20_0.1",NA,NA,NA,NA,-2854.20425904366,NA,NA,NA,-2977.01241375658,NA,NA,NA,-3356.68302067262,NA,17980,"csci","Peak_2",20,"0.1"
"365","csci_Peak_5_20_0.1",NA,NA,NA,NA,-4247.40883207394,NA,NA,NA,-4573.81114700956,NA,NA,NA,NA,NA,18999,"csci","Peak_5",20,"0.1"
"366","csci_SP_Mag_20_0.1",NA,NA,NA,NA,NA,1981.73798751641,NA,NA,NA,2076.15124696813,NA,NA,NA,2257.59258921102,14103,"csci","SP_Mag",20,"0.1"
"367","csci_Wet_BFL_Mag_10_20_0.1",NA,NA,NA,NA,NA,NA,NA,NA,NA,NA,NA,NA,NA,NA,79019,"csci","Wet_BFL_Mag_10",20,"0.1"
"368","csci_Wet_BFL_Mag_50_20_0.1",NA,NA,NA,NA,-135.554475292575,NA,NA,NA,-147.674261262877,NA,NA,NA,NA,NA,143499,"csci","Wet_BFL_Mag_50",20,"0.1"
"369","csci_Q99_20_0.1",NA,NA,NA,NA,-13489.8295995018,NA,NA,NA,-15193.6517265724,NA,NA,NA,NA,NA,33828,"csci","Q99",20,"0.1"
"370","csci_DS_Mag_50_20_0.3",NA,NA,NA,NA,-12.0155121807542,3.95083154691133,NA,NA,-8.81721801371932,1.63829806752187,NA,NA,NA,NA,14141,"csci","DS_Mag_50",20,"0.3"
"371","csci_FA_Mag_20_0.3",NA,NA,NA,NA,-63.7042954838936,35.2696207506895,NA,NA,-46.7495019793713,23.0009025189904,NA,NA,NA,NA,11590,"csci","FA_Mag",20,"0.3"
"372","csci_Peak_10_20_0.3",NA,NA,NA,NA,-365.772551325095,2477.51448043476,NA,NA,-156.759648898037,587.637693939491,NA,NA,NA,NA,17273,"csci","Peak_10",20,"0.3"
"373","csci_Peak_2_20_0.3",-998.185627030128,NA,-998.185627030128,NA,-253.465305121919,8.23365221348579,NA,NA,-26.4635761553827,1490.71317879277,-955.656210487061,NA,-883.894222180835,NA,17980,"csci","Peak_2",20,"0.3"
"374","csci_Peak_5_20_0.3",-4661.57356337248,5690.11040701722,-4661.57356337248,5690.11040701722,-265.427408803629,189.594058412402,-9150.76548927822,NA,-3545.00284639125,5416.69355564654,-4590.90284285826,5667.58469463095,-4401.41469713985,5599.89945523241,18999,"csci","Peak_5",20,"0.3"
"375","csci_SP_Mag_20_0.3",NA,2261.10867889994,NA,2261.10867889994,-16.1359896958164,188.526846639433,NA,NA,NA,6.58554570224842,NA,2217.36058390086,NA,2087.25470605678,14103,"csci","SP_Mag",20,"0.3"
"376","csci_Wet_BFL_Mag_10_20_0.3",-28.5154703613492,NA,-28.5154703613492,NA,-0.695903793593442,7.84478699819205,-31.3258257984688,NA,-4.22860826347265,1.37093589865202,-28.3350301705697,NA,-27.8147458961796,NA,79019,"csci","Wet_BFL_Mag_10",20,"0.3"
"377","csci_Wet_BFL_Mag_50_20_0.3",-121.979315492693,NA,-121.979315492693,NA,-16.0533037965921,12.5189503833849,-146.974630247498,NA,-107.311286230485,104.889096687185,-120.660423041224,NA,-116.851665702659,NA,143499,"csci","Wet_BFL_Mag_50",20,"0.3"
"378","csci_Q99_20_0.3",-569.271767849871,NA,-569.271767849871,NA,-139.740103438154,21.5435933889113,-4780.58493221397,NA,-15.4508132468208,1191.0430489318,-557.155258838226,NA,-528.767491976931,NA,33828,"csci","Q99",20,"0.3"
