"","masterid","latitude","longitude","huc","county","smcshed","csci","sampledate","sampleyear","fieldreplicate","CSCI.Score","Modified.Class","Unhealthy Biology, Unlikely Stressed","Unhealthy Biology, Likely Stressed","Healthy Biology, Unlikely Stressed","Healthy Biology, Likely Stressed","Unhealthy Biology,  Very Likely Stressed","Healthy Biology,  Very Likely Stressed","Total Stressed FFM"
"1","SMC15678",33.80989,-118.09075,405,"Los Angeles","San Gabriel",0.32904119,2021-07-15,2021,1,0.32904119,"Hard Bottom",0,7,0,0,2,0,9
"2","404M07364",34.0968,-118.71734,404,"Los Angeles","Santa Monica Bay",0.80928445,2018-06-21,2018,1,0.80928445,"Natural",0,0,0,9,0,0,0
"3","412M08638",34.20922,-118.17119,412,"Los Angeles","Los Angeles",0.98688507,2017-06-06,2017,1,0.99199514,"Natural",0,0,2,7,0,0,0
"4","SMC01260",34.06502,-117.97473,405,"Los Angeles","San Gabriel",0.54567054,2019-08-05,2019,1,0.54567054,"Hard Bottom",0,9,0,0,0,0,9
"5","903M20124",33.29947,-117.08415,903,"San Diego","Northern San Diego",0.96650029,2015-07-09,2015,1,0.96650029,"Natural",0,0,2,7,0,0,0
"6","SMC05109",33.4745,-117.13858,902,"Riverside","Northern San Diego",0.61343003,2014-05-07,2014,2,0.58092846,"Natural",2,7,0,0,0,0,7
"7","SMC01544",34.29729,-118.24843,412,"Los Angeles","Los Angeles",0.76452111,2021-06-15,2021,1,0.76452111,"Natural",2,7,0,0,0,0,7
"8","901M14137",33.49418,-117.71659,901,"Orange","San Juan",0.43763239,2017-06-20,2017,1,0.43763239,"Natural",2,7,0,0,0,0,7
"9","904M21729",33.09835,-117.13358,904,"San Diego","Central San Diego",0.79670314,2016-06-14,2016,1,0.79670314,"Natural",0,0,3,6,0,0,0
"10","SMC16266",32.81855,-116.75313,909,"San Diego","Southern San Diego",0.82153319,2011-08-01,2011,1,0.82153319,"Natural",0,0,4,5,0,0,0
"11","SMC02536",34.26861,-118.6736,408,"Ventura","Calleguas",0.60351498,2011-06-29,2011,1,0.60351498,"Hard Bottom",3,6,0,0,0,0,6
"12","SMC08335",34.34583,-119.29948,402,"Ventura","Ventura",0.79271796,2010-07-07,2010,1,0.79271796,"Natural",0,0,1,8,0,0,0
"13","SMC20497",34.31227,-119.29853,402,"Ventura","Ventura",0.67961298,2013-07-16,2013,1,0.67961298,"Natural",1,8,0,0,0,0,8
"14","SMC20032",33.87664,-118.10774,405,"Los Angeles","San Gabriel",0.37813902,2019-07-22,2019,1,0.37813902,"Hard Bottom",0,7,0,0,2,0,9
"15","SMC19697",34.34807,-119.30096,402,"Ventura","Ventura",0.77587468,2013-06-24,2013,1,0.77587468,"Natural",1,8,0,0,0,0,8
"16","SMC21921",33.8878,-117.50574,801,"Riverside","Middle Santa Ana",0.32514129,2013-06-13,2013,2,0.3158459,"Hard Bottom",0,9,0,0,0,0,9
"17","412M08630",34.05961,-118.08902,412,"Los Angeles","Los Angeles",0.31807442,2017-05-17,2017,1,0.31807442,"Hard Bottom",0,6,0,0,3,0,9
"18","902M18893",33.45304,-117.17403,902,"Riverside","Northern San Diego",0.80896179,2017-05-18,2017,1,0.80896179,"Natural",0,0,2,7,0,0,0
"19","SMC00190",34.01488,-118.04783,405,"Los Angeles","San Gabriel",0.41560858,2008-06-25,2008,1,0.41560858,"Hard Bottom",1,8,0,0,0,0,8
"20","SMC01158",32.96281,-117.16676,906,"San Diego","Central San Diego",0.49183638,2009-05-20,2009,1,0.49183638,"Natural",1,8,0,0,0,0,8
"21","SMC08094",33.81951,-117.8536,801,"Orange","Lower Santa Ana",0.49320633,2012-06-28,2012,1,0.49320633,"Soft Bottom (2)",0,2,0,0,7,0,9
"22","SMC09118",33.80876,-117.86259,801,"Orange","Lower Santa Ana",0.38672401,2013-05-22,2013,1,0.38672401,"Soft Bottom (2)",0,2,0,0,7,0,9
"23","SMC02152",34.09801,-118.7217,404,"Los Angeles","Santa Monica Bay",0.53676253,2010-07-14,2010,1,0.53676253,"Natural",1,8,0,0,0,0,8
"24","SMC13391",34.41791,-119.26998,402,"Ventura","Ventura",0.88988338,2012-06-21,2012,1,0.88988338,"Natural",0,0,2,7,0,0,0
"25","SMC03110",32.81105,-117.07335,907,"San Diego","Mission Bay and San Diego River",0.60435928,2011-07-26,2011,1,0.60435928,"Natural",3,6,0,0,0,0,6
"26","SMC04682",32.97115,-116.64814,907,"San Diego","Mission Bay and San Diego River",1.07793013,2011-07-25,2011,1,1.07793013,"Natural",0,0,2,7,0,0,0
"27","SMC08150",32.83731,-117.01975,907,"San Diego","Mission Bay and San Diego River",0.73153765,2014-07-08,2014,1,0.73153765,"Natural",3,6,0,0,0,0,6
"28","801M16973",33.93481,-117.34516,801,"Riverside","Middle Santa Ana",0.73132663,2018-06-06,2018,1,0.73132663,"Natural",2,7,0,0,0,0,7
"29","SMC04532",34.15595,-118.28771,412,"Los Angeles","Los Angeles",0.64466926,2012-07-11,2012,1,0.64466926,"Hard Bottom",1,8,0,0,0,0,8
"30","905M21721",33.00843,-117.16525,905,"San Diego","Central San Diego",0.67998428,2015-06-26,2015,1,0.67998428,"Natural",2,7,0,0,0,0,7
"31","906M21770",32.90376,-117.22665,906,"San Diego","Central San Diego",0.61784957,2018-05-29,2018,1,0.61784957,"Hard Bottom",1,8,0,0,0,0,8
"32","SMC01772",34.11001,-118.1228,412,"Los Angeles","Los Angeles",0.5946632,2012-07-11,2012,1,0.5946632,"Hard Bottom",0,7,0,0,2,0,9
"33","SMC01824",34.09116,-117.75598,405,"Los Angeles","San Gabriel",0.60387461,2012-06-21,2012,1,0.60387461,"Hard Bottom",0,9,0,0,0,0,9
"34","SMC03646",33.9784,-118.1691,412,"Los Angeles","Los Angeles",0.53242816,2013-06-05,2013,1,0.53242816,"Hard Bottom",0,8,0,0,1,0,9
"35","SMC06863",34.49417,-119.30534,402,"Ventura","Ventura",0.9775222,2011-07-21,2011,1,0.9775222,"Natural",0,0,2,7,0,0,0
"36","SMC16045",33.8819,-117.52249,801,"Riverside","Middle Santa Ana",0.50959439,2012-06-28,2012,1,0.50959439,"Hard Bottom",0,9,0,0,0,0,9
"37","402M00002",34.31063,-119.29916,402,"Ventura","Ventura",0.70665225,2015-08-13,2015,1,0.70665225,"Natural",1,8,0,0,0,0,8
"38","SMC01320",34.29856,-118.25082,412,"Los Angeles","Los Angeles",1.01914883,2022-06-22,2022,1,1.01914883,"Natural",0,0,2,7,0,0,0
"39","SMC02656",34.07498,-117.87216,405,"Los Angeles","San Gabriel",0.46463614,2018-08-06,2018,1,0.46463614,"Hard Bottom",0,9,0,0,0,0,9
"40","801M16957",33.85539,-117.3551,801,"Riverside","Middle Santa Ana",0.48212764,2019-05-10,2019,1,0.48212764,"Natural",2,7,0,0,0,0,7
"41","802M17015",33.73057,-116.80939,802,"Riverside","San Jacinto",0.95649503,2020-06-08,2020,2,0.95669495,"Natural",0,0,2,7,0,0,0
"42","404M07364",34.0968,-118.71734,404,"Los Angeles","Santa Monica Bay",0.80096734,2018-06-21,2018,2,0.80928445,"Natural",0,0,0,9,0,0,0
"43","412M08602",33.97131,-118.16996,412,"Los Angeles","Los Angeles",0.41044659,2015-09-30,2015,1,0.41044659,"Hard Bottom",0,8,0,0,1,0,9
"44","412M08616",34.18855,-118.61028,412,"Los Angeles","Los Angeles",0.48068983,2016-06-02,2016,1,0.48068983,"Hard Bottom",2,7,0,0,0,0,7
"45","SMC17056",34.4263,-118.5779,403,"Los Angeles","Santa Clara",0.72649786,2009-07-02,2009,1,0.72649786,"Natural",0,9,0,0,0,0,9
"46","SMC04294",32.93776,-117.14172,906,"San Diego","Central San Diego",0.78366223,2013-07-11,2013,1,0.78366223,"Natural",3,6,0,0,0,0,6
"47","412M08642",34.0472,-118.22979,412,"Los Angeles","Los Angeles",0.69076579,2018-06-20,2018,1,0.69076579,"Hard Bottom",0,8,0,0,1,0,9
"48","404M04672",34.1868,-118.7893,404,"Ventura","Santa Monica Bay",0.7231196,2020-06-09,2020,1,0.7231196,"Natural",1,7,0,0,1,0,8
"49","SMC05968",34.23489,-117.80554,405,"Los Angeles","San Gabriel",0.92788204,2020-08-11,2020,1,0.92788204,"Natural",0,0,2,7,0,0,0
"50","SMC06216",34.27407,-118.31518,412,"Los Angeles","Los Angeles",0.95120311,2020-07-28,2020,-1,0.96084854,"Natural",0,0,2,7,0,0,0
"51","906M21758",32.94264,-117.10754,906,"San Diego","Central San Diego",0.76665115,2017-05-11,2017,1,0.76665115,"Natural",1,8,0,0,0,0,8
"52","SMC05407",34.50124,-119.35043,402,"Ventura","Ventura",1.01209826,2011-07-21,2011,1,1.01209826,"Natural",0,0,2,7,0,0,0
"53","403M05774",34.42692,-118.62067,403,"Los Angeles","Santa Clara",0.76272586,2016-06-22,2016,1,0.76272586,"Natural",0,9,0,0,0,0,9
"54","907BCT",32.96654,-116.65211,907,"San Diego","Mission Bay and San Diego River",0.86788744,2014-04-17,2014,1,0.9583806,"Natural",0,0,2,7,0,0,0
"55","SMC01979",34.45205,-119.13624,403,"Ventura","Santa Clara",0.94480292,2011-07-14,2011,1,0.94480292,"Natural",0,0,1,8,0,0,0
"56","SMC03929",33.17865,-117.30453,904,"San Diego","Central San Diego",0.73059828,2012-07-05,2012,1,0.73059828,"Natural",0,9,0,0,0,0,9
"57","SMC06740",34.1807,-118.87436,408,"Ventura","Calleguas",0.52573471,2013-06-10,2013,1,0.52573471,"Hard Bottom",2,7,0,0,0,0,7
"58","SMC22521",33.87789,-117.54048,801,"Riverside","Middle Santa Ana",0.49731068,2013-06-13,2013,1,0.49731068,"Hard Bottom",0,9,0,0,0,0,9
"59","SMC00236",34.08951,-117.94783,405,"Los Angeles","San Gabriel",0.44057374,2021-07-08,2021,1,0.44057374,"Hard Bottom",0,9,0,0,0,0,9
"60","412M08646",34.1289,-118.08133,412,"Los Angeles","Los Angeles",0.63867762,2019-07-16,2019,1,0.63867762,"Hard Bottom",3,6,0,0,0,0,6
"61","SMC12862",33.92148,-118.11149,405,"Los Angeles","San Gabriel",0.36552573,2019-07-22,2019,1,0.36552573,"Hard Bottom",0,7,0,0,2,0,9
"62","SMC04121",33.18466,-117.19833,904,"San Diego","Central San Diego",0.51538713,2012-07-09,2012,1,0.51538713,"Natural",1,8,0,0,0,0,8
"63","SMC04880",34.30884,-118.09829,412,"Los Angeles","Los Angeles",0.9317443,2012-06-06,2012,1,0.9317443,"Natural",0,0,2,7,0,0,0
"64","901M14134",33.59231,-117.63283,901,"Orange","San Juan",0.66986137,2016-04-25,2016,1,0.66986137,"Natural",3,6,0,0,0,0,6
"65","SMC00345",33.21048,-117.22484,904,"San Diego","Central San Diego",0.5701193,2011-07-19,2011,1,0.5701193,"Natural",2,7,0,0,0,0,7
"66","SMC02988",34.16168,-117.99022,412,"Los Angeles","Los Angeles",0.64388338,2014-06-12,2014,1,0.64388338,"Hard Bottom",2,7,0,0,0,0,7
"67","SMC07085",33.88382,-117.51705,801,"Riverside","Middle Santa Ana",0.46263341,2011-06-21 10:00:00,2011,1,0.46263341,"Hard Bottom",0,9,0,0,0,0,9
"68","402M00042",34.46039,-119.28891,402,"Ventura","Ventura",0.66807478,2017-04-19,2017,1,0.66807478,"Natural",4,5,0,0,0,0,5
"69","402M00009",34.41824,-119.37505,402,"Ventura","Ventura",0.28871308,2015-06-29,2015,1,0.28871308,"Natural",2,7,0,0,0,0,7
"70","906M23361",32.84373,-117.21115,906,"San Diego","Mission Bay and San Diego River",0.68469947,2019-04-29,2019,1,0.68469947,"Natural",1,8,0,0,0,0,8
"71","402M00127",34.42503,-119.26342,402,"Ventura","Ventura",0.65418093,2019-06-10,2019,1,0.65418093,"Natural",3,6,0,0,0,0,6
"72","404M07372",34.13604,-118.75743,404,"Los Angeles","Santa Monica Bay",0.52934004,2019-07-09,2019,1,0.52934004,"Natural",0,9,0,0,0,0,9
"73","802M17015",33.73057,-116.80939,802,"Riverside","San Jacinto",0.95669495,2020-06-08,2020,1,0.95669495,"Natural",0,0,2,7,0,0,0
"74","SMC01413",33.30552,-116.80627,903,"San Diego","Northern San Diego",0.84024089,2012-07-09,2012,2,0.8784077,"Natural",0,0,1,8,0,0,0
"75","404M07368",34.1264,-118.75364,404,"Los Angeles","Santa Monica Bay",0.46191342,2018-06-20,2018,1,0.46191342,"Natural",0,9,0,0,0,0,9
"76","904M21713",33.11944,-117.09511,904,"San Diego","Central San Diego",0.50790164,2015-06-26,2015,1,0.50790164,"Hard Bottom",4,5,0,0,0,0,5
"77","SMC01257",33.60842,-117.61859,901,"Orange","San Juan",0.68267913,2011-06-16,2011,1,0.68267913,"Soft Bottom (2)",3,6,0,0,0,0,6
"78","SMC01372",34.43437,-118.61386,403,"Los Angeles","Santa Clara",0.6878702,2010-07-13,2010,2,0.71244617,"Natural",0,9,0,0,0,0,9
"79","801M12625",33.69499,-117.93471,801,"Orange","Lower Santa Ana",0.39757171,2015-07-01,2015,1,0.39757171,"Hard Bottom",1,2,0,0,6,0,8
"80","SMC01912",34.23429,-118.60295,412,"Los Angeles","Los Angeles",0.40445942,2012-07-12,2012,1,0.40445942,"Hard Bottom",1,8,0,0,0,0,8
"81","SMC02206",33.87098,-117.85002,801,"Orange","Lower Santa Ana",0.52646484,2011-07-19,2011,1,0.52646484,"Soft Bottom (2)",4,5,0,0,0,0,5
"82","SMC02417",33.13385,-117.06236,904,"San Diego","Central San Diego",0.5792463,2011-07-20,2011,1,0.5792463,"Hard Bottom",4,5,0,0,0,0,5
"83","SMC05524",34.27032,-118.91723,408,"Ventura","Calleguas",0.63736343,2011-06-30,2011,1,0.63736343,"Soft Bottom (2)",1,8,0,0,0,0,8
"84","412M08638",34.20922,-118.17119,412,"Los Angeles","Los Angeles",0.99199514,2017-08-16,2017,1,0.99199514,"Natural",0,0,2,7,0,0,0
"85","412M08640",34.22095,-118.54618,412,"Los Angeles","Los Angeles",0.3487884,2018-05-30,2018,1,0.3487884,"Hard Bottom",1,7,0,0,1,0,8
"86","403M01625",34.57002,-118.77994,403,"Ventura","Santa Clara",0.95499837,2020-06-30,2020,1,0.95499837,"Natural",0,0,1,8,0,0,0
"87","SMC01726",33.86351,-117.98816,845,"Orange","San Gabriel",0.42642806,2019-06-06,2019,1,0.42642806,"Hard Bottom",1,6,0,0,2,0,8
"88","SMC06216",34.27407,-118.31518,412,"Los Angeles","Los Angeles",0.98468369,2020-07-28,2020,2,0.96084854,"Natural",0,0,2,7,0,0,0
"89","907M23362",32.9918,-116.71432,907,"San Diego","Mission Bay and San Diego River",0.8851193,2017-05-09,2017,1,0.8851193,"Natural",0,0,3,6,0,0,0
"90","SMC02988",34.16168,-117.99022,412,"Los Angeles","Los Angeles",0.74510014,2014-06-12,2014,2,0.64388338,"Hard Bottom",2,7,0,0,0,0,7
"91","SMC03222",33.02209,-117.06725,905,"San Diego","Central San Diego",0.58573482,2012-07-11,2012,1,0.58573482,"Hard Bottom",3,6,0,0,0,0,6
"92","SMC04132",34.21472,-118.88416,408,"Ventura","Calleguas",0.71549053,2012-06-11,2012,2,0.64231609,"Hard Bottom",1,8,0,0,0,0,8
"93","SMC04175",34.40835,-119.27642,402,"Ventura","Ventura",0.8362015,2009-06-11,2009,1,0.8362015,"Natural",0,0,2,7,0,0,0
"94","403M05795",34.60898,-118.77961,403,"Los Angeles","Santa Clara",0.87747204,2017-06-05,2017,1,0.87747204,"Natural",0,0,1,8,0,0,0
"95","404M04599",34.09458,-118.92442,404,"Ventura","Santa Monica Bay",1.02408172,2016-08-03,2016,1,1.02408172,"Natural",0,0,0,9,0,0,0
"96","404M07346",33.8024,-118.39639,404,"Los Angeles","Santa Monica Bay",0.65191934,2015-07-01,2015,1,0.65191934,"Natural",2,7,0,0,0,0,7
"97","408M03019",34.26742,-118.94037,408,"Ventura","Calleguas",0.71478848,2015-07-14,2015,1,0.71478848,"Soft Bottom (0)",1,8,0,0,0,0,8
"98","906M23318",32.8249,-117.23035,906,"San Diego","Mission Bay and San Diego River",0.40645762,2015-04-28,2015,1,0.40645762,"Natural",1,8,0,0,0,0,8
"99","SMC00436",34.149,-118.27863,412,"Los Angeles","Los Angeles",0.4766031,2017-05-31,2017,2,0.62060885,"Hard Bottom",1,8,0,0,0,0,8
"100","SMC00476",34.24209,-118.13381,412,"Los Angeles","Los Angeles",1.0184354,2009-06-08,2009,1,1.0184354,"Natural",0,0,2,7,0,0,0
"101","SMC01452",34.09095,-118.06675,412,"Los Angeles","Los Angeles",0.39455766,2010-07-15,2010,1,0.39455766,"Hard Bottom",3,6,0,0,0,0,6
"102","SMC04399",34.30796,-119.30062,402,"Ventura","Ventura",0.64968236,2009-06-11,2009,1,0.64968236,"Natural",1,8,0,0,0,0,8
"103","SMC06302",33.86699,-117.85366,801,"Orange","Lower Santa Ana",0.53709324,2012-06-28,2012,1,0.53709324,"Soft Bottom (2)",4,5,0,0,0,0,5
"104","SMC11727",34.47857,-119.29339,402,"Ventura","Ventura",0.90018908,2010-06-09,2010,1,0.90018908,"Natural",0,0,2,7,0,0,0
"105","911M24945",32.74334,-116.46741,911,"San Diego","Southern San Diego",0.74180933,2017-04-04,2017,1,0.74180933,"Natural",2,7,0,0,0,0,7
"106","SMC13214",33.80453,-117.87242,801,"Orange","Lower Santa Ana",0.45440705,2013-05-22,2013,1,0.45440705,"Soft Bottom (2)",0,2,0,0,7,0,9
"107","405PS0030",34.23487,-117.80523,405,"Los Angeles","San Gabriel",0.71424503,2021-07-22,2021,1,0.71424503,"Natural",2,7,0,0,0,0,7
"108","403M01629",34.38748,-119.0707,403,"Ventura","Santa Clara",0.83371596,2020-06-15,2020,1,0.83371596,"Natural",0,0,4,5,0,0,0
"109","404M07376",34.08222,-118.68792,404,"Los Angeles","Santa Monica Bay",0.96669337,2019-07-09,2019,1,0.96669337,"Natural",0,0,1,8,0,0,0
"110","905M21791",33.12278,-116.78727,905,"San Diego","Central San Diego",0.77581633,2020-05-27,2020,2,0.75737313,"Natural",2,7,0,0,0,0,7
"111","SMC01384",34.0646,-118.70091,404,"Los Angeles","Santa Monica Bay",0.84384812,2020-06-29,2020,1,0.84384812,"Natural",0,0,0,9,0,0,0
"112","SMC01174",33.01677,-117.01646,905,"San Diego","Central San Diego",0.72977406,2011-07-20,2011,1,0.72977406,"Natural",1,8,0,0,0,0,8
"113","404M07349",34.07803,-118.70166,404,"Los Angeles","Santa Monica Bay",0.72473013,2015-07-15,2015,1,0.72473013,"Natural",0,9,0,0,0,0,9
"114","SMC04239",34.3608,-119.31114,402,"Ventura","Ventura",0.79716481,2009-06-11,2009,1,0.79716481,"Natural",0,0,2,7,0,0,0
"115","SMC00693",33.2964,-117.08556,903,"San Diego","Northern San Diego",0.93094439,2010-05-31,2010,2,0.87183844,"Natural",0,0,2,7,0,0,0
"116","801M16973",33.93481,-117.34516,801,"Riverside","Middle Santa Ana",0.65900133,2018-06-06,2018,2,0.73132663,"Natural",2,7,0,0,0,0,7
"117","SMC02484",34.1451,-118.36764,412,"Los Angeles","Los Angeles",0.52408964,2013-06-05,2013,1,0.52408964,"Hard Bottom",1,5,0,0,3,0,8
"118","SMC02591",34.51783,-119.37846,402,"Ventura","Ventura",0.89992222,2011-07-21,2011,1,0.89992222,"Natural",0,0,2,7,0,0,0
"119","SMC04661",33.40606,-117.22499,902,"San Diego","Northern San Diego",0.93130374,2014-07-16,2014,1,0.93130374,"Natural",0,0,2,7,0,0,0
"120","403M01619",34.55945,-119.26634,403,"Ventura","Santa Clara",0.6893958,2021-05-25,2021,1,0.6893958,"Natural",3,6,0,0,0,0,6
"121","403M05832",34.54997,-118.50855,403,"Los Angeles","Santa Clara",0.85937319,2019-06-27,2019,1,0.85937319,"Natural",0,0,2,7,0,0,0
"122","902M20301",33.42381,-117.20464,902,"San Diego","Northern San Diego",0.83320275,2020-06-24,2020,1,0.83320275,"Natural",0,0,2,7,0,0,0
"123","907M23408",32.76768,-117.16044,907,"San Diego","Mission Bay and San Diego River",0.36103358,2020-06-25,2020,1,0.36103358,"Natural",2,7,0,0,0,0,7
"124","403M01560",34.23545,-119.21253,403,"Ventura","Santa Clara",0.44703778,2019-05-15,2019,1,0.44703778,"Natural",0,9,0,0,0,0,9
"125","SMC03304",34.28829,-118.72312,408,"Ventura","Calleguas",0.591619,2011-06-29,2011,1,0.591619,"Hard Bottom",0,9,0,0,0,0,9
"126","SMC05296",34.55457,-118.77525,403,"Ventura","Santa Clara",0.93834398,2012-06-26,2012,1,0.93834398,"Natural",0,0,2,7,0,0,0
"127","901M14138",33.57688,-117.63999,901,"Orange","San Juan",0.80679255,2017-06-20,2017,1,0.80679255,"Natural",0,0,4,5,0,0,0
"128","404M07362",33.8009,-118.38703,404,"Los Angeles","Santa Monica Bay",0.38852855,2017-06-08,2017,1,0.38852855,"Natural",2,7,0,0,0,0,7
"129","801M12611",33.80456,-117.86822,801,"Orange","Lower Santa Ana",0.46342111,2015-07-01,2015,1,0.46342111,"Soft Bottom (2)",0,2,0,0,7,0,9
"130","902M18864",33.49207,-117.24653,902,"Riverside","Northern San Diego",1.06967041,2015-05-06,2015,1,1.06967041,"Natural",0,0,2,7,0,0,0
"131","903M20177",33.39672,-117.11527,903,"San Diego","Northern San Diego",0.7870264,2017-05-03,2017,2,0.78215159,"Natural",4,5,0,0,0,0,5
"132","907BCT",32.96654,-116.65211,907,"San Diego","Mission Bay and San Diego River",0.9583806,2014-05-14,2014,1,0.9583806,"Natural",0,0,2,7,0,0,0
"133","SMC02270",33.79573,-117.77241,801,"Orange","Lower Santa Ana",0.63508318,2010-06-30,2010,1,0.63508318,"Hard Bottom",1,8,0,0,0,0,8
"134","SMC02284",34.06542,-117.94939,405,"Los Angeles","San Gabriel",0.41568411,2013-05-29,2013,1,0.41568411,"Hard Bottom",0,9,0,0,0,0,9
"135","801M16916",33.96417,-117.49156,801,"Riverside","Middle Santa Ana",0.73325394,2016-05-24,2016,1,0.73325394,"Natural",1,6,0,0,2,0,8
"136","909M24969",32.92468,-116.55887,909,"San Diego","Southern San Diego",0.99437135,2020-06-16,2020,1,0.99437135,"Natural",0,0,2,7,0,0,0
"137","SMC01278",33.82099,-118.06645,405,"Los Angeles","San Gabriel",0.37555803,2021-07-15,2021,1,0.37555803,"Hard Bottom",0,7,0,0,2,0,9
"138","SMC09534",33.83832,-118.09487,405,"Los Angeles","San Gabriel",0.41038968,2018-07-10,2018,1,0.41038968,"Hard Bottom",0,7,0,0,2,0,9
"139","903M20124",33.29947,-117.08415,903,"San Diego","Northern San Diego",0.94828747,2015-07-09,2015,2,0.96650029,"Natural",0,0,2,7,0,0,0
"140","SMC16169",33.74655,-117.59351,801,"Orange","Lower Santa Ana",0.79950826,2015-06-16,2015,1,0.79950826,"Natural",0,0,2,7,0,0,0
"141","403M05758",34.43484,-118.61254,403,"Los Angeles","Santa Clara",0.79569974,2015-06-29,2015,1,0.79569974,"Natural",0,0,0,9,0,0,0
"142","904M21720",33.15678,-117.28243,904,"San Diego","Central San Diego",0.75104196,2015-06-25,2015,1,0.75104196,"Natural",2,7,0,0,0,0,7
"143","SMC00729",33.13525,-117.17488,904,"San Diego","Central San Diego",0.68295207,2009-06-03,2009,1,0.68295207,"Natural",4,5,0,0,0,0,5
"144","SMC03737",33.11968,-117.09259,904,"San Diego","Central San Diego",0.52039334,2012-07-06,2012,1,0.52039334,"Hard Bottom",4,5,0,0,0,0,5
"145","SMC09564",34.4322,-118.59397,403,"Los Angeles","Santa Clara",0.61535722,2010-06-01,2010,1,0.61535722,"Soft Bottom (0)",0,9,0,0,0,0,9
"146","SMC11181",33.88882,-117.50296,801,"Riverside","Middle Santa Ana",0.50949656,2011-06-21 14:00:00,2011,1,0.50949656,"Hard Bottom",0,9,0,0,0,0,9
"147","403M01580",34.23495,-119.23075,403,"Ventura","Santa Clara",0.54860281,2019-05-15,2019,1,0.54860281,"Natural",0,9,0,0,0,0,9
"148","906M21790",32.94797,-117.19987,906,"San Diego","Central San Diego",0.72709217,2020-05-11,2020,1,0.72709217,"Natural",0,9,0,0,0,0,9
"149","SMC16980",34.43268,-119.24974,402,"Ventura","Ventura",0.99551735,2011-07-06,2011,1,0.99551735,"Natural",0,0,3,6,0,0,0
"150","403M05774",34.42692,-118.62067,403,"Los Angeles","Santa Clara",0.79130155,2016-06-22,2016,2,0.76272586,"Natural",0,9,0,0,0,0,9
"151","911TJWIL3",32.69361,-116.69528,911,"San Diego","Southern San Diego",1.1842725,2019-05-07,2019,1,1.1842725,"Natural",0,0,4,5,0,0,0
"152","SMC00693",33.2964,-117.08556,903,"San Diego","Northern San Diego",0.87183844,2010-05-31,2010,1,0.87183844,"Natural",0,0,2,7,0,0,0
"153","SMC02228",34.06933,-118.22427,412,"Los Angeles","Los Angeles",0.57329829,2009-06-23,2009,1,0.57329829,"Hard Bottom",0,8,0,0,1,0,9
"154","SMC01990",32.79653,-117.11327,907,"San Diego","Mission Bay and San Diego River",0.65620694,2014-07-08,2014,1,0.65620694,"Soft Bottom (0)",1,8,0,0,0,0,8
"155","SMC02644",34.18157,-118.88652,408,"Ventura","Calleguas",0.59386304,2011-06-30,2011,1,0.59386304,"Soft Bottom (0)",1,8,0,0,0,0,8
"156","SMC06714",32.67579,-117.00604,909,"San Diego","Southern San Diego",0.60480512,2010-06-06,2010,1,0.60480512,"Natural",1,8,0,0,0,0,8
"157","SMC00446",34.02018,-118.04627,405,"Los Angeles","San Gabriel",0.47742784,2010-07-01,2010,1,0.47742784,"Soft Bottom (0)",1,8,0,0,0,0,8
"158","SMC00958",33.82532,-117.99894,845,"Orange","San Gabriel",0.25463411,2011-07-19,2011,1,0.25463411,"Soft Bottom (2)",1,6,0,0,2,0,8
"159","402M00090",34.4462,-119.29046,402,"Ventura","Ventura",0.90842106,2020-06-04,2020,1,0.90842106,"Natural",0,0,5,4,0,0,0
"160","402M00130",34.30178,-119.30314,402,"Ventura","Ventura",0.88723256,2020-06-18,2020,1,0.88723256,"Natural",0,0,1,8,0,0,0
"161","905M21791",33.12278,-116.78727,905,"San Diego","Central San Diego",0.75737313,2020-05-27,2020,1,0.75737313,"Natural",2,7,0,0,0,0,7
"162","SMC01413",33.30552,-116.80627,903,"San Diego","Northern San Diego",0.8784077,2012-07-09,2012,1,0.8784077,"Natural",0,0,1,8,0,0,0
"163","SMC04383",34.50224,-119.35602,402,"Ventura","Ventura",0.80194072,2014-05-19,2014,1,0.80194072,"Natural",0,0,2,7,0,0,0
"164","SMC07126",32.84359,-117.03457,907,"San Diego","Mission Bay and San Diego River",0.33340554,2012-07-12,2012,1,0.33340554,"Natural",3,6,0,0,0,0,6
"165","SMC01151",34.3723,-118.97196,403,"Ventura","Santa Clara",0.53843942,2009-06-17,2009,1,0.53843942,"Natural",0,6,0,0,3,0,9
"166","SMC01358",33.90965,-118.24673,412,"Los Angeles","Los Angeles",0.3957801,2011-06-21,2011,1,0.3957801,"Hard Bottom",0,7,0,0,2,0,9
"167","412M08632",34.23834,-118.6077,412,"Los Angeles","Los Angeles",0.36662216,2017-05-17,2017,1,0.36662216,"Hard Bottom",1,8,0,0,0,0,8
"168","SMC01934",33.49,-117.66595,901,"Orange","San Juan",0.56873842,2012-06-15,2012,1,0.56873842,"Soft Bottom (2)",3,6,0,0,0,0,6
"169","SMC02563",33.68193,-117.67293,801,"Orange","Lower Santa Ana",0.48340097,2014-05-22,2014,1,0.48340097,"Soft Bottom (2)",4,5,0,0,0,0,5
"170","SMC02933",33.31956,-117.16562,903,"San Diego","Northern San Diego",0.70301712,2010-06-01,2010,1,0.70301712,"Natural",1,8,0,0,0,0,8
"171","SMC05230",33.87308,-117.75077,801,"Orange","Lower Santa Ana",0.63611972,2012-07-02,2012,1,0.63611972,"Soft Bottom (2)",0,1,0,0,8,0,9
"172","402M00030",34.43881,-119.29959,402,"Ventura","Ventura",0.63489086,2017-04-19,2017,1,0.63489086,"Natural",5,4,0,0,0,0,4
"173","402M00029",34.35798,-119.31172,402,"Ventura","Ventura",0.35406609,2016-06-06,2016,1,0.35406609,"Natural",2,7,0,0,0,0,7
"174","910M24979",32.59945,-116.93745,910,"San Diego","Southern San Diego",0.66146495,2021-04-22,2021,1,0.66146495,"Natural",1,8,0,0,0,0,8
"175","404M07372",34.13604,-118.75743,404,"Los Angeles","Santa Monica Bay",0.46480035,2019-07-09,2019,2,0.52934004,"Natural",0,9,0,0,0,0,9
"176","404M07375",34.0915,-118.6697,404,"Los Angeles","Santa Monica Bay",0.83971421,2019-05-14,2019,1,0.83971421,"Natural",0,0,0,8,0,1,0
"177","905M21789",33.01073,-117.16855,905,"San Diego","Central San Diego",0.75918438,2020-05-26,2020,1,0.75918438,"Natural",2,7,0,0,0,0,7
"178","SMC08766",33.90192,-118.10859,405,"Los Angeles","San Gabriel",0.31658032,2018-07-10,2018,1,0.31658032,"Hard Bottom",0,7,0,0,2,0,9
"179","SMC04748",34.41314,-118.65879,403,"Los Angeles","Santa Clara",0.67808034,2009-07-02,2009,1,0.67808034,"Natural",0,8,0,0,1,0,9
"180","SMC00436",34.149,-118.27863,412,"Los Angeles","Los Angeles",0.62060885,2017-05-31,2017,1,0.62060885,"Hard Bottom",1,8,0,0,0,0,8
"181","SMC16446",34.41319,-119.27282,402,"Ventura","Ventura",0.79919466,2012-06-21,2012,1,0.79919466,"Natural",0,0,2,7,0,0,0
"182","405M10598",34.06991,-117.77146,405,"Los Angeles","San Gabriel",0.447197,2021-06-17,2021,1,0.447197,"Hard Bottom",0,9,0,0,0,0,9
"183","SMC04264",34.13,-118.7548,404,"Los Angeles","Santa Monica Bay",0.3979169,2021-06-14,2021,1,0.3979169,"Natural",0,9,0,0,0,0,9
"184","403M01575",34.64892,-119.1127,403,"Ventura","Santa Clara",0.81270907,2020-06-03,2020,1,0.81270907,"Natural",0,0,3,6,0,0,0
"185","SMC13630",33.86119,-118.10351,405,"Los Angeles","San Gabriel",0.38264821,2020-07-08,2020,1,0.38264821,"Hard Bottom",0,7,0,0,2,0,9
"186","SMC02484",34.1451,-118.36764,412,"Los Angeles","Los Angeles",0.58386078,2013-06-05,2013,2,0.52408964,"Hard Bottom",1,5,0,0,3,0,8
"187","408M03005",34.27001,-118.74203,408,"Ventura","Calleguas",0.69308165,2015-06-15,2015,1,0.69308165,"Hard Bottom",0,9,0,0,0,0,9
"188","SGUT503",34.29216,-117.83856,405,"Los Angeles","San Gabriel",1.06821278,2016-07-11,2016,1,1.1433064,"Natural",0,0,1,8,0,0,0
"189","SMC01201",33.08584,-117.05528,905,"San Diego","Central San Diego",0.8492468,2010-06-02,2010,1,0.8492468,"Natural",0,0,3,6,0,0,0
"190","402M00043",34.50161,-119.34749,402,"Ventura","Ventura",0.77673276,2016-06-22,2016,1,0.77673276,"Natural",2,7,0,0,0,0,7
"191","412M08643",33.8084,-118.20559,412,"Los Angeles","Los Angeles",0.34539529,2018-05-23,2018,1,0.34539529,"Hard Bottom",0,5,0,0,4,0,9
"192","SMC06216",34.27407,-118.31518,412,"Los Angeles","Los Angeles",0.96084854,2020-07-28,2020,1,0.96084854,"Natural",0,0,2,7,0,0,0
"193","902M18929",33.46879,-117.22049,902,"Riverside","Northern San Diego",0.89806129,2021-06-10,2021,1,0.89806129,"Natural",0,0,1,8,0,0,0
"194","SMC16832",33.88444,-118.10855,405,"Los Angeles","San Gabriel",0.30532013,2018-07-10,2018,1,0.30532013,"Hard Bottom",0,7,0,0,2,0,9
"195","903M20177",33.39672,-117.11527,903,"San Diego","Northern San Diego",0.78215159,2017-05-03,2017,1,0.78215159,"Natural",4,5,0,0,0,0,5
"196","901M14126",33.54743,-117.7223,901,"Orange","San Juan",0.59178416,2016-05-17,2016,1,0.59178416,"Natural",4,5,0,0,0,0,5
"197","904M21764",33.2075,-117.28072,904,"San Diego","Central San Diego",0.45753471,2018-04-17,2018,1,0.45753471,"Natural",1,8,0,0,0,0,8
"198","SMC00345",33.21048,-117.22484,904,"San Diego","Central San Diego",0.51983615,2011-07-19,2011,2,0.5701193,"Natural",2,7,0,0,0,0,7
"199","SMC00910",33.51383,-117.74426,901,"Orange","San Juan",0.54781505,2009-04-30,2009,1,0.54781505,"Soft Bottom (0)",3,6,0,0,0,0,6
"200","SMC01049",33.17733,-117.20403,904,"San Diego","Central San Diego",0.64079334,2014-07-09,2014,1,0.64079334,"Natural",5,4,0,0,0,0,4
"201","SMC02712",34.36179,-118.30348,412,"Los Angeles","Los Angeles",0.91005712,2012-06-07,2012,1,0.91005712,"Natural",0,0,4,5,0,0,0
"202","SMC05702",32.83209,-117.22954,906,"San Diego","Mission Bay and San Diego River",0.51430547,2010-06-07,2010,1,0.51430547,"Natural",1,8,0,0,0,0,8
"203","SMC05902",34.03432,-118.51218,404,"Los Angeles","Santa Monica Bay",0.54576501,2011-06-28,2011,1,0.54576501,"Hard Bottom",2,7,0,0,0,0,7
"204","SMC00198",32.93709,-117.13851,906,"San Diego","Central San Diego",0.78614815,2021-05-05,2021,1,0.78614815,"Natural",3,6,0,0,0,0,6
"205","402M00191",34.42514,-119.26087,402,"Ventura","Ventura",0.85109692,2022-06-23,2022,1,0.85109692,"Natural",0,0,3,6,0,0,0
"206","SMC01278",33.82099,-118.06645,405,"Los Angeles","San Gabriel",0.40544614,2021-07-15,2021,2,0.37555803,"Hard Bottom",0,7,0,0,2,0,9
"207","SMC17432",33.84435,-118.09802,405,"Los Angeles","San Gabriel",0.37948423,2021-07-21,2021,1,0.37948423,"Hard Bottom",0,7,0,0,2,0,9
"208","SMC00710",32.88934,-117.20028,906,"San Diego","Central San Diego",0.66050361,2022-05-25,2022,1,0.66050361,"Natural",1,8,0,0,0,0,8
"209","SMC04132",34.21472,-118.88416,408,"Ventura","Calleguas",0.64231609,2012-06-11,2012,1,0.64231609,"Hard Bottom",1,8,0,0,0,0,8
"210","SMC04756",34.27092,-118.9269,408,"Ventura","Calleguas",0.65494459,2014-05-21,2014,1,0.65494459,"Soft Bottom (0)",1,8,0,0,0,0,8
"211","SMC05109",33.4745,-117.13858,902,"Riverside","Northern San Diego",0.58092846,2014-05-07,2014,1,0.58092846,"Natural",2,7,0,0,0,0,7
"212","906M21758",32.94264,-117.10754,906,"San Diego","Central San Diego",0.81234205,2017-05-11,2017,2,0.76665115,"Natural",1,8,0,0,0,0,8
"213","801EBC126",34.17413,-116.89426,801,"San Bernardino","Upper Santa Ana",0.51904241,2008-06-23,2008,1,0.51904241,"Natural",0,8,0,0,1,0,9
"214","802HYC496",33.68738,-116.68416,802,"Riverside","San Jacinto",0.86759659,2008-07-01,2008,1,0.86759659,"Natural",0,0,4,5,0,0,0
"215","SMC00873",33.59849,-117.62668,901,"Orange","San Juan",0.64883298,2020-05-12,2020,1,0.64896418,"Natural",3,6,0,0,0,0,6
"216","801STW051",33.99512,-117.15212,801,"Riverside","Upper Santa Ana",0.47856643,2006-06-03,2006,1,0.57490221,"Natural",1,8,0,0,0,0,8
"217","801SAN068",34.2575,-117.64123,801,"San Bernardino","Middle Santa Ana",0.81384627,2008-06-10,2008,1,0.81384627,"Natural",0,0,2,7,0,0,0
"218","801STC071",33.75347,-117.67887,801,"Orange","Lower Santa Ana",0.67051649,2008-06-05,2008,1,0.67051649,"Natural",2,7,0,0,0,0,7
"219","801STC071",33.75347,-117.67887,801,"Orange","Lower Santa Ana",0.67908235,2008-06-05,2008,2,0.67051649,"Natural",2,7,0,0,0,0,7
"220","801XXX118",34.27906,-117.47566,801,"San Bernardino","Upper Santa Ana",0.73455533,2008-06-11,2008,1,0.73455533,"Natural",1,8,0,0,0,0,8
"221","801CYC121",34.12372,-117.19213,801,"San Bernardino","Upper Santa Ana",0.62785727,2007-06-09,2007,1,0.78190452,"Soft Bottom (0)",3,6,0,0,0,0,6
"222","801STC149",33.76593,-117.67927,801,"Orange","Lower Santa Ana",0.92506659,2008-07-08,2008,1,0.92506659,"Natural",0,0,1,8,0,0,0
"223","801SJR159",33.73904,-116.83089,802,"Riverside","San Jacinto",0.42759394,2007-04-20,2007,1,0.42759394,"Natural",2,7,0,0,0,0,7
"224","801SAR165",33.96358,-117.47533,801,"Riverside","Middle Santa Ana",0.6596796,2008-07-06,2008,1,0.6596796,"Soft Bottom (0)",1,6,0,0,2,0,8
"225","802INC172",33.78651,-116.8323,802,"Riverside","San Jacinto",0.45912239,2006-06-16,2006,1,0.63126862,"Natural",3,6,0,0,0,0,6
"226","801STW208",34.0023,-117.16428,801,"Riverside","Upper Santa Ana",0.5852404,2007-06-17,2007,1,0.72202169,"Natural",2,7,0,0,0,0,7
"227","802HYC496",33.68738,-116.68416,802,"Riverside","San Jacinto",0.90832175,2008-07-01,2008,2,0.86759659,"Natural",0,0,4,5,0,0,0
"228","801STW613",33.98574,-117.13166,801,"Riverside","Upper Santa Ana",0.54734921,2009-06-29,2009,1,0.54734921,"Natural",1,8,0,0,0,0,8
"229","402M00015",34.47484,-119.29151,402,"Ventura","Ventura",0.69814951,2016-06-06,2016,1,0.69814951,"Natural",3,6,0,0,0,0,6
"230","SMC19945",34.50486,-119.28186,402,"Ventura","Ventura",0.99119816,2013-06-25,2013,1,0.99119816,"Natural",0,0,2,7,0,0,0
"231","SMC21921",33.8878,-117.50574,801,"Riverside","Middle Santa Ana",0.3158459,2013-06-13,2013,1,0.3158459,"Hard Bottom",0,9,0,0,0,0,9
"232","SMC20994",34.03639,-118.51129,404,"Los Angeles","Santa Monica Bay",0.54383597,2013-06-17,2013,1,0.54383597,"Hard Bottom",2,7,0,0,0,0,7
"233","SMC19809",34.50141,-119.3531,402,"Ventura","Ventura",0.94319412,2013-06-25,2013,1,0.94319412,"Natural",0,0,2,7,0,0,0
"234","SMC21796",33.99108,-118.40916,404,"Los Angeles","Santa Monica Bay",0.49156904,2013-06-14,2013,1,0.49156904,"Hard Bottom",0,7,0,0,2,0,9
"235","SMC35697",34.35404,-119.30981,402,"Ventura","Ventura",0.80361567,2010-06-10,2010,1,0.80361567,"Natural",0,0,1,8,0,0,0
"236","SMC33179",33.47313,-117.14351,902,"Riverside","Northern San Diego",0.97632378,2013-06-11,2013,1,0.97632378,"Natural",0,0,2,7,0,0,0
"237","SMC32718",32.88458,-116.82232,907,"San Diego","Mission Bay and San Diego River",0.80344582,2010-06-03,2010,1,0.80344582,"Natural",0,0,3,6,0,0,0
"238","ME-SCR",34.30063,-119.1097,403,"Ventura","Santa Clara",0.63308828,2018-07-11,2018,1,0.63308828,"Natural",0,8,0,0,1,0,9
"239","404M04674",34.1462,-118.85088,404,"Ventura","Santa Monica Bay",0.43666498,2019-05-09,2019,1,0.43666498,"Soft Bottom (2)",1,8,0,0,0,0,8
"240","801M12675",33.81308,-117.85819,801,"Orange","Lower Santa Ana",0.49640118,2019-04-23,2019,1,0.49640118,"Soft Bottom (0)",0,2,0,0,7,0,9
"241","901M14149",33.56754,-117.74812,901,"Orange","San Juan",0.65647705,2019-05-29,2019,1,0.65647705,"Natural",2,7,0,0,0,0,7
"242","402M00058",34.44552,-119.29586,402,"Ventura","Ventura",0.74653736,2019-06-10,2019,1,0.74653736,"Natural",5,4,0,0,0,0,4
"243","402M00114",34.41665,-119.37011,402,"Ventura","Ventura",0.84854225,2018-06-14,2018,1,0.84854225,"Natural",0,0,2,7,0,0,0
"244","907SDBOC2",32.96353,-116.66406,907,"San Diego","Mission Bay and San Diego River",1.13751762,2022-05-03,2022,1,1.13751762,"Natural",0,0,2,7,0,0,0
"245","801BNC530",34.17834,-116.90881,801,"San Bernardino","Upper Santa Ana",0.81367679,2014-06-19,2014,1,0.81367679,"Natural",0,0,1,8,0,0,0
"246","801STW051",33.99512,-117.15212,801,"Riverside","Upper Santa Ana",0.57490221,2006-06-03,2006,1,0.57490221,"Natural",1,8,0,0,0,0,8
"247","903SLGRD2",33.33549,-117.18845,903,"San Diego","Northern San Diego",0.86832347,2008-05-09,2008,1,0.86832347,"Natural",0,0,4,5,0,0,0
"248","905DGUT1x",33.17601,-116.85052,905,"San Diego","Central San Diego",1.13876134,2010-06-29,2010,1,1.20601175,"Natural",0,0,3,6,0,0,0
"249","907SSDR11",32.82119,-117.0627,907,"San Diego","Mission Bay and San Diego River",0.75573851,2008-05-05,2008,1,0.75573851,"Natural",3,6,0,0,0,0,6
"250","907SDR1xx",32.76497,-117.19136,907,"San Diego","Mission Bay and San Diego River",0.57828619,1999-11-14,1999,1,0.57828619,"Natural",2,7,0,0,0,0,7
"251","907M23385",32.81067,-117.07466,907,"San Diego","Mission Bay and San Diego River",0.70125632,2019-06-25,2019,1,0.70125632,"Natural",3,6,0,0,0,0,6
"252","403WE0540",34.65136,-119.11845,403,"Ventura","Santa Clara",0.87474137,2017-05-17,2017,1,0.87474137,"Natural",0,0,3,6,0,0,0
"253","907M23367",32.96335,-116.66364,907,"San Diego","Mission Bay and San Diego River",0.97591222,2018-05-29,2018,1,0.97591222,"Natural",0,0,2,7,0,0,0
"254","408BH5Cxx",34.28098,-118.81234,408,"Ventura","Calleguas",0.63007439,2010-06-18,2010,1,0.63007439,"Soft Bottom (2)",0,9,0,0,0,0,9
"255","904M21784",33.18782,-117.27686,904,"San Diego","Central San Diego",0.66767341,2019-06-18,2019,1,0.66767341,"Hard Bottom",0,9,0,0,0,0,9
"256","904M21782",33.15476,-117.03441,904,"San Diego","Central San Diego",0.51222084,2019-06-11,2019,1,0.51222084,"Hard Bottom",4,5,0,0,0,0,5
"257","904M21782",33.15476,-117.03441,904,"San Diego","Central San Diego",0.62251163,2019-06-11,2019,2,0.51222084,"Hard Bottom",4,5,0,0,0,0,5
"258","801CBN012",33.91909,-117.82201,801,"Orange","Lower Santa Ana",0.72571,2006-05-31,2006,1,0.72571,"Natural",2,7,0,0,0,0,7
"259","801CYC121",34.12372,-117.19213,801,"San Bernardino","Upper Santa Ana",0.78190452,2007-06-09,2007,1,0.78190452,"Soft Bottom (0)",3,6,0,0,0,0,6
"260","801M15530",34.07865,-117.06717,801,"San Bernardino","Upper Santa Ana",0.71671545,2019-06-17,2019,2,0.75069022,"Natural",0,9,0,0,0,0,9
"261","801XXX112",34.26148,-117.46974,801,"San Bernardino","Upper Santa Ana",0.85609129,2012-06-28,2012,2,1.02797662,"Natural",0,0,1,8,0,0,0
"262","802HYC496",33.68738,-116.68416,802,"Riverside","San Jacinto",0.33442945,2008-07-01,2008,1,0.86759659,"Natural",0,0,4,5,0,0,0
"263","901TCSMP1",33.63582,-117.61739,901,"Orange","San Juan",0.5268859,2010-05-05,2010,1,0.72845641,"Natural",4,5,0,0,0,0,5
"264","911NCPCR2",32.86391,-116.50865,911,"San Diego","Southern San Diego",0.96405807,2010-05-24,2010,1,1.16223701,"Natural",0,0,3,6,0,0,0
"265","907SDRS2x",32.77222,-117.14194,907,"San Diego","Mission Bay and San Diego River",0.76250787,1997-06-16,1997,1,0.76250787,"Soft Bottom (0)",2,7,0,0,0,0,7
"266","904M21761",33.1082,-117.20794,904,"San Diego","Central San Diego",0.60729462,2019-06-03,2019,1,0.60729462,"Natural",5,4,0,0,0,0,4
"267","903WE0900",33.33052,-116.81511,903,"San Diego","Northern San Diego",1.14732173,2021-04-09,2021,1,1.14732173,"Natural",0,0,5,4,0,0,0
"268","402WE0803",34.42131,-119.3806,402,"Ventura","Ventura",1.01464196,2001-06-12,2001,1,1.01464196,"Natural",0,0,3,6,0,0,0
"269","412BH1Axx",34.27392,-118.31529,412,"Los Angeles","Los Angeles",0.54226137,2010-06-15,2010,1,0.54226137,"Soft Bottom (0)",2,7,0,0,0,0,7
"270","412WE0563",34.34716,-118.04869,412,"Los Angeles","Los Angeles",0.91879409,2001-06-21,2001,1,1.15285363,"Natural",0,0,3,6,0,0,0
"271","801CJW027",34.3061,-117.4697,801,"San Bernardino","Upper Santa Ana",0.96782576,2012-06-25,2012,1,0.96782576,"Natural",0,0,2,7,0,0,0
"272","801RB8312",33.95718,-117.53012,801,"Riverside","Middle Santa Ana",0.71729343,2017-06-27,2017,1,0.71729343,"Natural",1,6,0,0,2,0,8
"273","801S03971",33.67551,-117.82775,801,"Orange","Lower Santa Ana",0.15266242,2014-06-16,2014,1,0.15266242,"Soft Bottom (2)",1,8,0,0,0,0,8
"274","904AHC004",33.14909,-117.29754,904,"San Diego","Central San Diego",0.20220129,2010-10-25,2010,1,0.61083141,"Soft Bottom (0)",3,6,0,0,0,0,6
"275","905DGUT1x",33.17601,-116.85052,905,"San Diego","Central San Diego",1.20004632,2010-06-16,2010,1,1.20601175,"Natural",0,0,3,6,0,0,0
"276","911NCPCR2",32.86391,-116.50865,911,"San Diego","Southern San Diego",1.16223701,2010-04-28,2010,1,1.16223701,"Natural",0,0,3,6,0,0,0
"277","402MTCUNF",34.5175,-119.3792,402,"Ventura","Ventura",1.13771921,2012-06-05,2012,1,1.13771921,"Natural",0,0,2,7,0,0,0
"278","403S01195",34.55903,-119.2678,403,"Ventura","Santa Clara",0.82824503,2009-06-10,2009,1,0.82824503,"Natural",0,0,3,6,0,0,0
"279","403S06315",34.59223,-119.31033,403,"Ventura","Santa Clara",0.92119231,2012-06-27,2012,1,0.92119231,"Natural",0,0,2,7,0,0,0
"280","403STC026",34.55889,-119.26861,403,"Ventura","Santa Clara",0.89572051,2003-02-05,2003,1,0.89572051,"Natural",0,0,2,7,0,0,0
"281","403STCSSP",34.39414,-118.94096,403,"Ventura","Santa Clara",0.74369945,2003-02-04,2003,1,0.74369945,"Natural",2,7,0,0,0,0,7
"282","412CE0104",34.06911,-118.22324,412,"Los Angeles","Los Angeles",0.60665192,2005-07-19,2005,1,0.6547592,"Hard Bottom",0,8,0,0,1,0,9
"283","412CE0104",34.06911,-118.22324,412,"Los Angeles","Los Angeles",0.6547592,2005-07-19,2005,1,0.6547592,"Hard Bottom",0,8,0,0,1,0,9
"284","902M20273",33.40282,-117.25509,902,"San Diego","Northern San Diego",0.92593446,2019-06-12,2019,1,0.92593446,"Natural",0,0,1,8,0,0,0
"285","801BRC184",34.16546,-117.01553,801,"San Bernardino","Upper Santa Ana",1.04188077,2014-06-30,2014,1,1.04188077,"Natural",0,0,2,7,0,0,0
"286","801EBC686",34.16918,-116.89195,801,"San Bernardino","Upper Santa Ana",1.1396928,2014-06-19,2014,1,1.1396928,"Natural",0,0,1,7,0,1,0
"287","801SAR165",33.96358,-117.47533,801,"Riverside","Middle Santa Ana",0.27071131,2008-07-06,2008,1,0.6596796,"Soft Bottom (0)",1,6,0,0,2,0,8
"288","801STC071",33.75347,-117.67887,801,"Orange","Lower Santa Ana",0.25047382,2008-06-05,2008,2,0.67051649,"Natural",2,7,0,0,0,0,7
"289","802SWC020",33.76698,-116.6902,802,"Riverside","San Jacinto",0.98514545,2012-07-16,2012,1,0.98514545,"Natural",0,0,3,6,0,0,0
"290","907SDR1xx",32.76497,-117.19136,907,"San Diego","Mission Bay and San Diego River",0.56211517,1999-05-16,1999,1,0.57828619,"Natural",2,7,0,0,0,0,7
"291","405BH3Axx",34.22984,-117.7719,405,"Los Angeles","San Gabriel",1.06619883,2010-06-17,2010,1,1.06619883,"Natural",0,0,2,7,0,0,0
"292","901ATCAAS",33.68264,-117.50159,901,"Orange","San Juan",0.9538041,2021-04-08,2021,1,0.9538041,"Natural",0,0,4,5,0,0,0
"293","801ETC226",34.19146,-117.27421,801,"San Bernardino","Upper Santa Ana",1.21333757,2014-06-10,2014,1,1.21333757,"Natural",0,0,4,5,0,0,0
"294","SMC35837",33.7364,-116.8261,802,"Riverside","San Jacinto",0.90046808,2021-04-08,2021,1,0.90046808,"Natural",0,0,2,7,0,0,0
"295","402MJCMHS",34.5028,-119.3573,402,"Ventura","Ventura",1.06594289,2014-04-22,2014,1,1.06594289,"Natural",0,0,2,7,0,0,0
"296","402WE0803",34.42131,-119.3806,402,"Ventura","Ventura",0.92492256,2001-06-12,2001,1,1.01464196,"Natural",0,0,3,6,0,0,0
"297","403WE0891",34.65926,-119.14255,403,"Ventura","Santa Clara",1.02001192,2001-06-14,2001,1,1.07390852,"Natural",0,0,3,6,0,0,0
"298","907M23349",32.82495,-117.09258,907,"San Diego","Mission Bay and San Diego River",0.34551361,2018-05-29,2018,1,0.35105982,"Natural",1,7,0,0,1,0,8
"299","801WE1008",34.18128,-116.91197,801,"San Bernardino","Upper Santa Ana",0.96482749,2021-04-20,2021,1,0.96482749,"Natural",0,0,1,8,0,0,0
"300","801SAN068",34.2575,-117.64123,801,"San Bernardino","Middle Santa Ana",0.38346598,2008-06-10,2008,1,0.81384627,"Natural",0,0,2,7,0,0,0
"301","801STC071",33.75347,-117.67887,801,"Orange","Lower Santa Ana",0.3098771,2008-06-05,2008,1,0.67051649,"Natural",2,7,0,0,0,0,7
"302","905DGUT1x",33.17601,-116.85052,905,"San Diego","Central San Diego",1.1860869,2010-07-13,2010,1,1.20601175,"Natural",0,0,3,6,0,0,0
"303","801S19486",33.67625,-117.82699,801,"Orange","Lower Santa Ana",0.44006351,2022-05-09,2022,1,0.44006351,"Soft Bottom (2)",1,8,0,0,0,0,8
"304","403R4S117",34.58739,-118.45116,403,"Los Angeles","Santa Clara",0.67490588,2016-05-03,2016,1,0.67490588,"Natural",2,7,0,0,0,0,7
"305","403S06139",34.55464,-119.2405,403,"Ventura","Santa Clara",0.51029031,2012-06-27,2012,1,0.51029031,"Natural",3,6,0,0,0,0,6
"306","404R4S009",34.17601,-118.76169,404,"Ventura","Santa Monica Bay",0.57638369,2015-04-30,2015,1,0.57638369,"Natural",1,8,0,0,0,0,8
"307","408CAL013",34.27133,-118.74003,408,"Ventura","Calleguas",0.53895274,2001-10-30,2001,1,0.53895274,"Hard Bottom",0,9,0,0,0,0,9
"308","801EBC686",34.16918,-116.89195,801,"San Bernardino","Upper Santa Ana",1.13654577,2014-06-19,2014,2,1.1396928,"Natural",0,0,1,7,0,1,0
"309","911NCPCR2",32.86391,-116.50865,911,"San Diego","Southern San Diego",0.9044705,2010-06-14,2010,1,1.16223701,"Natural",0,0,3,6,0,0,0
"310","911NCPCR2",32.86391,-116.50865,911,"San Diego","Southern San Diego",1.02067937,2010-06-30,2010,1,1.16223701,"Natural",0,0,3,6,0,0,0
"311","911TJKTC5",32.75288,-116.45197,911,"San Diego","Southern San Diego",1.10395613,2008-05-07,2008,1,1.10395613,"Natural",0,0,3,6,0,0,0
"312","911TJKTC5",32.75288,-116.45197,911,"San Diego","Southern San Diego",1.07116226,2008-05-07,2008,2,1.10395613,"Natural",0,0,3,6,0,0,0
"313","SMC04524",34.24761,-118.03367,405,"Los Angeles","San Gabriel",1.217132,2017-06-15,2017,1,1.217132,"Natural",0,0,2,7,0,0,0
"314","403CE0156",34.37746,-119.05968,403,"Ventura","Santa Clara",1.0017414,2016-05-24,2016,1,1.0017414,"Natural",0,0,5,4,0,0,0
"315","403SPCNWS",34.5778,-119.2579,403,"Ventura","Santa Clara",1.10503938,2014-04-22,2014,1,1.10503938,"Natural",0,0,3,6,0,0,0
"316","412LAR013",34.29719,-118.24705,412,"Los Angeles","Los Angeles",0.6376696,2005-06-21,2005,1,0.6376696,"Natural",2,7,0,0,0,0,7
"317","801M15530",34.07865,-117.06717,801,"San Bernardino","Upper Santa Ana",0.75069022,2019-06-17,2019,1,0.75069022,"Natural",0,9,0,0,0,0,9
"318","902SSMR05",33.41434,-117.24151,902,"San Diego","Northern San Diego",0.87841844,2001-05-22,2001,1,0.87841844,"Natural",0,0,2,7,0,0,0
"319","901BCCSRT",33.56422,-117.56369,901,"Orange","San Juan",0.67092283,2001-05-16,2001,1,0.67092283,"Natural",4,5,0,0,0,0,5
"320","901NP9LCC",33.62752,-117.42857,901,"Riverside","San Juan",0.89145862,2017-05-10,2017,1,0.89145862,"Natural",0,0,3,6,0,0,0
"321","901SJMS1x",33.58122,-117.52458,901,"Orange","San Juan",0.69189259,2008-06-25,2008,1,1.06150813,"Natural",0,0,4,5,0,0,0
"322","903SLWVR1",33.29391,-117.08732,903,"San Diego","Northern San Diego",1.05026822,2007-06-04,2007,1,1.05026822,"Natural",0,0,2,7,0,0,0
"323","904CBESC5",33.08559,-117.15037,904,"San Diego","Central San Diego",0.59112151,2009-04-23,2009,1,0.59112151,"Natural",3,6,0,0,0,0,6
"324","907SDRS2x",32.77222,-117.14194,907,"San Diego","Mission Bay and San Diego River",0.59983268,1997-10-25,1997,1,0.76250787,"Soft Bottom (0)",2,7,0,0,0,0,7
"325","403STC024",34.45056,-119.05583,403,"Ventura","Santa Clara",0.95187615,2003-02-06,2003,1,0.95187615,"Natural",0,0,1,8,0,0,0
"326","403STC071",34.68278,-118.84361,403,"Ventura","Santa Clara",0.74658296,2003-02-07,2003,1,0.74658296,"Natural",3,6,0,0,0,0,6
"327","404S44642",34.16873,-118.70306,404,"Ventura","Santa Monica Bay",0.59724902,2013-06-04,2013,1,0.59724902,"Natural",3,6,0,0,0,0,6
"328","412BH1Axx",34.27392,-118.31529,412,"Los Angeles","Los Angeles",0.7117249,2010-06-15,2010,2,0.54226137,"Soft Bottom (0)",2,7,0,0,0,0,7
"329","412WE0563",34.34716,-118.04869,412,"Los Angeles","Los Angeles",1.15285363,2001-06-21,2001,1,1.15285363,"Natural",0,0,3,6,0,0,0
"330","801RB8601",34.02631,-117.58648,801,"San Bernardino","Middle Santa Ana",0.31952121,2009-06-24,2009,1,0.31952121,"Hard Bottom",1,7,0,0,1,0,8
"331","902SCDLRx",33.49219,-117.24642,902,"Riverside","Northern San Diego",1.08473722,2001-05-21,2001,1,1.08473722,"Natural",0,0,2,7,0,0,0
"332","905DGCC1x",33.157712,-116.840843,905,"San Diego","Central San Diego",1.12430938,2019-05-13,2019,1,1.12430938,"Natural",0,0,4,5,0,0,0
"333","907CONECR",32.89028,-116.76306,907,"San Diego","Mission Bay and San Diego River",0.90455643,2012-05-16,2012,1,0.92186874,"Natural",0,0,4,5,0,0,0
"334","402WE0803",34.42131,-119.3806,402,"Ventura","Ventura",0.92938347,2001-06-12,2001,1,1.01464196,"Natural",0,0,3,6,0,0,0
"335","402WER001",34.50528,-119.27806,402,"Ventura","Ventura",1.08911356,2003-06-04,2003,1,1.08911356,"Natural",0,0,2,7,0,0,0
"336","403WE0891",34.65926,-119.14255,403,"Ventura","Santa Clara",1.00775159,2001-06-14,2001,1,1.07390852,"Natural",0,0,3,6,0,0,0
"337","801EBC126",34.17413,-116.89426,801,"San Bernardino","Upper Santa Ana",0.29424113,2008-06-23,2008,1,0.51904241,"Natural",0,8,0,0,1,0,9
"338","901SJMS1x",33.58122,-117.52458,901,"Orange","San Juan",0.96602301,2008-05-13,2008,1,1.06150813,"Natural",0,0,4,5,0,0,0
"339","901TCSMP1",33.63582,-117.61739,901,"Orange","San Juan",0.72845641,2010-05-25,2010,1,0.72845641,"Natural",4,5,0,0,0,0,5
"340","905DGUT1x",33.17601,-116.85052,905,"San Diego","Central San Diego",1.20601175,2010-05-13,2010,1,1.20601175,"Natural",0,0,3,6,0,0,0
"341","911NP9UCW",32.81829,-116.49235,911,"San Diego","Southern San Diego",0.89686478,2017-05-02,2017,1,0.89686478,"Natural",0,0,2,7,0,0,0
"342","403S05291",34.56397,-119.26305,403,"Ventura","Santa Clara",1.12972371,2010-06-07,2010,1,1.12972371,"Natural",0,0,3,6,0,0,0
"343","403STC090",34.37889,-119.0625,403,"Ventura","Santa Clara",0.92532684,2003-02-06,2003,1,0.92532684,"Soft Bottom (2)",0,0,4,5,0,0,0
"344","412LAR004",34.26825,-118.60806,412,"Los Angeles","Los Angeles",0.34315656,2005-04-25,2005,1,0.34315656,"Hard Bottom",1,8,0,0,0,0,8
"345","412WE0563",34.34716,-118.04869,412,"Los Angeles","Los Angeles",1.14365091,2001-06-21,2001,1,1.15285363,"Natural",0,0,3,6,0,0,0
"346","801RB8494",33.96292,-117.47379,801,"Riverside","Middle Santa Ana",0.76319486,2017-06-19,2017,1,0.76319486,"Natural",1,6,0,0,2,0,8
"347","403STC009",34.53833,-118.75889,403,"Los Angeles","Santa Clara",1.02928517,2003-02-05,2003,1,1.02928517,"Natural",0,0,1,8,0,0,0
"348","403WE0891",34.65926,-119.14255,403,"Ventura","Santa Clara",1.07390852,2001-06-14,2001,1,1.07390852,"Natural",0,0,3,6,0,0,0
"349","801M15547",34.23493,-116.95849,801,"San Bernardino","Upper Santa Ana",0.61889923,2019-06-12,2019,1,0.61889923,"Natural",1,8,0,0,0,0,8
"350","802HYC496",33.68738,-116.68416,802,"Riverside","San Jacinto",0.44166343,2008-07-01,2008,2,0.86759659,"Natural",0,0,4,5,0,0,0
"351","901SJMS1x",33.58122,-117.52458,901,"Orange","San Juan",1.06150813,2008-04-23,2008,1,1.06150813,"Natural",0,0,4,5,0,0,0
"352","901SJMS1x",33.58122,-117.52458,901,"Orange","San Juan",0.53513378,2008-07-03,2008,1,1.06150813,"Natural",0,0,4,5,0,0,0
"353","901SJSMT2",33.5497,-117.39619,901,"Riverside","San Juan",0.94873387,2008-05-05,2008,1,0.94873387,"Natural",0,0,5,4,0,0,0
"354","901SMCSMR",33.42339,-117.53136,901,"San Diego","San Juan",0.81984942,2001-05-18,2001,1,0.81984942,"Natural",0,0,3,6,0,0,0
"355","901TCSMP1",33.63582,-117.61739,901,"Orange","San Juan",0.71181672,2010-04-05,2010,1,0.72845641,"Natural",4,5,0,0,0,0,5
"356","904AHC004",33.14909,-117.29754,904,"San Diego","Central San Diego",0.61083141,2010-06-09,2010,1,0.61083141,"Soft Bottom (0)",3,6,0,0,0,0,6
"357","907SDSVC3",32.99637,-116.8441,907,"San Diego","Mission Bay and San Diego River",0.68156257,2009-04-21,2009,1,0.68156257,"Natural",3,6,0,0,0,0,6
"358","SMC01372",34.43437,-118.61386,403,"Los Angeles","Santa Clara",0.71244617,2010-07-13,2010,1,0.71244617,"Natural",0,9,0,0,0,0,9
"359","403STC025",34.66528,-119.05111,403,"Ventura","Santa Clara",1.04789264,2003-06-04,2003,1,1.04789264,"Natural",0,0,1,8,0,0,0
"360","403STC064",34.55806,-119.10361,403,"Ventura","Santa Clara",0.64641286,2016-05-18,2016,1,0.64641286,"Natural",2,7,0,0,0,0,7
"361","801BRC184",34.16546,-117.01553,801,"San Bernardino","Upper Santa Ana",1.05245185,2014-06-30,2014,2,1.04188077,"Natural",0,0,2,7,0,0,0
"362","801STC149",33.76593,-117.67927,801,"Orange","Lower Santa Ana",0.30494655,2008-07-08,2008,1,0.92506659,"Natural",0,0,1,8,0,0,0
"363","802INC172",33.78651,-116.8323,802,"Riverside","San Jacinto",0.63126862,2006-06-16,2006,1,0.63126862,"Natural",3,6,0,0,0,0,6
"364","903GIR2xx",33.33521,-117.18882,903,"San Diego","Northern San Diego",0.69139396,2004-07-15,2004,1,0.69139396,"Natural",4,5,0,0,0,0,5
"365","905SDYSA7",33.08603,-116.91668,905,"San Diego","Central San Diego",0.87343112,2008-05-06,2008,1,0.87343112,"Natural",0,0,2,7,0,0,0
"366","911NCPCR2",32.86391,-116.50865,911,"San Diego","Southern San Diego",1.04146529,2010-09-14,2010,1,1.16223701,"Natural",0,0,3,6,0,0,0
"367","402WER001",34.50528,-119.27806,402,"Ventura","Ventura",1.01953254,2003-06-04,2003,1,1.08911356,"Natural",0,0,2,7,0,0,0
"368","403STC016",34.23556,-119.24083,403,"Ventura","Santa Clara",0.74745256,2003-02-05,2003,1,0.74745256,"Natural",0,9,0,0,0,0,9
"369","403WE0540",34.65136,-119.11845,403,"Ventura","Santa Clara",0.66138554,2017-07-18,2017,1,0.87474137,"Natural",0,0,3,6,0,0,0
"370","801STW208",34.0023,-117.16428,801,"Riverside","Upper Santa Ana",0.72202169,2007-06-17,2007,1,0.72202169,"Natural",2,7,0,0,0,0,7
"371","801XXX118",34.27906,-117.47566,801,"San Bernardino","Upper Santa Ana",0.56990106,2008-06-11,2008,1,0.73455533,"Natural",1,8,0,0,0,0,8
"372","901SJMS1x",33.58122,-117.52458,901,"Orange","San Juan",0.91590917,2008-06-02,2008,1,1.06150813,"Natural",0,0,4,5,0,0,0
"373","911NCPCR2",32.86391,-116.50865,911,"San Diego","Southern San Diego",0.87465661,2010-08-19,2010,1,1.16223701,"Natural",0,0,3,6,0,0,0
"374","905BCN1xx",33.10528,-116.89306,905,"San Diego","Central San Diego",0.70034994,2008-04-19,2008,1,0.70034994,"Natural",5,4,0,0,0,0,4
"375","905DGUT1x",33.17601,-116.85052,905,"San Diego","Central San Diego",1.19982779,2010-06-02,2010,1,1.20601175,"Natural",0,0,3,6,0,0,0
"376","911NCPCR2",32.86391,-116.50865,911,"San Diego","Southern San Diego",0.97330832,2010-07-20,2010,1,1.16223701,"Natural",0,0,3,6,0,0,0
"377","402SNPMCR",34.50509,-119.37741,402,"Ventura","Ventura",0.61597328,2018-05-08,2018,1,0.61597328,"Natural",2,7,0,0,0,0,7
"378","403STCEST",34.23557,-119.21674,403,"Ventura","Santa Clara",0.493873,2003-02-06,2003,1,0.493873,"Natural",0,9,0,0,0,0,9
"379","403WE0501",34.54172,-118.77286,403,"Ventura","Santa Clara",0.83301035,2013-05-14,2013,1,0.83301035,"Natural",0,0,4,5,0,0,0
"380","405BH2Axx",34.2429,-117.8732,405,"Los Angeles","San Gabriel",1.13695339,2010-06-16,2010,1,1.13695339,"Natural",0,0,2,7,0,0,0
"381","801MIC370",34.10015,-117.02393,801,"San Bernardino","Upper Santa Ana",0.80551446,2014-06-09,2014,1,0.80551446,"Natural",0,0,0,9,0,0,0
"382","802SJC453",33.73882,-116.82834,802,"Riverside","San Jacinto",0.69488479,2011-07-12,2011,1,0.69488479,"Natural",2,7,0,0,0,0,7
"383","901SJSJC9",33.48442,-117.67577,901,"Orange","San Juan",0.57116122,2008-05-05,2008,1,0.57116122,"Soft Bottom (2)",3,6,0,0,0,0,6
"384","903SLFRCx",33.3441,-116.88046,903,"San Diego","Northern San Diego",0.71294109,2017-05-03,2017,1,0.71294109,"Natural",2,7,0,0,0,0,7
"385","907SDRMTx",32.81858,-117.06531,907,"San Diego","Mission Bay and San Diego River",0.51352897,2005-07-02,2005,1,0.51352897,"Natural",3,6,0,0,0,0,6
"386","SGUT503",34.29216,-117.83856,405,"Los Angeles","San Gabriel",1.1433064,2016-07-11,2016,1,1.1433064,"Natural",0,0,1,8,0,0,0
"387","403STC070",34.56667,-119.26278,403,"Ventura","Santa Clara",1.13255208,2003-02-05,2003,1,1.13255208,"Natural",0,0,3,6,0,0,0
"388","801XXX112",34.26148,-117.46974,801,"San Bernardino","Upper Santa Ana",1.02797662,2012-06-28,2012,1,1.02797662,"Natural",0,0,1,8,0,0,0
"389","SMC00873",33.59849,-117.62668,901,"Orange","San Juan",0.64896418,2020-05-21,2020,1,0.64896418,"Natural",3,6,0,0,0,0,6
"390","901BCCBCT",33.56903,-117.56508,901,"Orange","San Juan",0.67381495,2001-05-16,2001,1,0.67381495,"Natural",4,5,0,0,0,0,5
"391","907CONECR",32.89028,-116.76306,907,"San Diego","Mission Bay and San Diego River",0.92186874,2012-05-31,2012,1,0.92186874,"Natural",0,0,4,5,0,0,0
"392","907M23349",32.82495,-117.09258,907,"San Diego","Mission Bay and San Diego River",0.35105982,2018-05-09,2018,1,0.35105982,"Natural",1,7,0,0,1,0,8
"393","901M14145",33.48818,-117.66682,901,"Orange","San Juan",0.73025854,2019-06-27,2019,2,0.59089766,"Soft Bottom (2)",3,6,0,0,0,0,6
"394","901M14145",33.48818,-117.66682,901,"Orange","San Juan",0.59089766,2019-06-27,2019,1,0.59089766,"Soft Bottom (2)",3,6,0,0,0,0,6
"395","902S00565",33.41031,-117.23903,902,"San Diego","Northern San Diego",0.98664588,2021-06-22,2021,1,0.98664588,"Natural",0,0,2,7,0,0,0
"396","901S00531",33.55975,-117.772,901,"Orange","San Juan",0.41662551,2022-04-19,2022,1,0.41662551,"Hard Bottom",1,8,0,0,0,0,8
"397","901M14145",33.48818,-117.66682,901,"Orange","San Juan",0.58774662,2019-06-17,2019,1,0.59089766,"Soft Bottom (2)",3,6,0,0,0,0,6
"398","902S01097",33.48724,-117.25537,902,"Riverside","Northern San Diego",1.01277203,2020-05-29,2020,1,1.01277203,"Natural",0,0,3,6,0,0,0
"399","907S01418",32.99254,-116.71771,907,"San Diego","Mission Bay and San Diego River",1.04368813,2021-05-27,2021,1,1.04368813,"Natural",0,0,3,6,0,0,0
"400","904S01814",33.02298,-117.2254,904,"San Diego","Central San Diego",0.46644413,2010-06-09,2010,1,0.46644413,"Natural",2,7,0,0,0,0,7
"401","907S11430",32.84837,-116.86004,907,"San Diego","Mission Bay and San Diego River",0.86676941,2012-07-12,2012,1,0.86676941,"Soft Bottom (2)",0,0,6,3,0,0,0
"402","909S14218",32.82998,-116.73603,909,"San Diego","Southern San Diego",0.9963932,2012-07-11,2012,1,0.9963932,"Natural",0,0,5,4,0,0,0
"403","801CBN012",33.91909,-117.82201,801,"Orange","Lower Santa Ana",0.5968458,2006-05-31,2006,1,0.72571,"Natural",2,7,0,0,0,0,7
"404","403S00064",34.64435,-118.51371,403,"Los Angeles","Santa Clara",0.76875115,2022-05-19,2022,1,0.76875115,"Natural",2,7,0,0,0,0,7
"405","904CBSAM5",33.09086,-117.2447,904,"San Diego","Central San Diego",0.83296807,2010-05-19,2010,1,0.83296807,"Natural",0,0,5,4,0,0,0
"406","901M14145",33.48818,-117.66682,901,"Orange","San Juan",0.74113117,2019-06-17,2019,2,0.59089766,"Soft Bottom (2)",3,6,0,0,0,0,6
"407","801RB8601",34.02789,-117.58527,801,"San Bernardino","Middle Santa Ana",0.20031184,2009-06-24,2009,1,0.31952121,"Hard Bottom",1,7,0,0,1,0,8
"408","SMC01567",34.5096,-119.3837,402,"Ventura","Ventura",0.71011193,2017-05-24,2017,1,0.71011193,"Natural",2,7,0,0,0,0,7
"409","SMC00899",33.71747,-117.7888,801,"Orange","Lower Santa Ana",0.32947312,2023-05-24,2023,1,0.32947312,"Hard Bottom",0,9,0,0,0,0,9
"410","SMC04054",32.83697,-117.01874,907,"San Diego","Mission Bay and San Diego River",0.75051437,2023-05-19,2023,1,0.75051437,"Natural",3,6,0,0,0,0,6
"411","909WE1014",32.83213,-116.7265,909,"San Diego","Southern San Diego",0.81704304,2023-05-16,2023,1,0.81704304,"Natural",0,0,5,4,0,0,0
"412","SMC00473",33.03916,-117.15802,905,"San Diego","Central San Diego",0.75403356,2023-05-30,2023,2,0.64477744,"Natural",3,6,0,0,0,0,6
"413","SMC00473",33.03916,-117.15802,905,"San Diego","Central San Diego",0.64477744,2023-05-30,2023,1,0.64477744,"Natural",3,6,0,0,0,0,6
"414","911M24982",32.68804,-116.67813,911,"San Diego","Southern San Diego",1.18201417,2022-04-11,2022,1,1.18201417,"Natural",0,0,4,5,0,0,0
"415","906M23430",32.82897,-117.23075,906,"San Diego","Mission Bay and San Diego River",0.76928782,2022-04-20,2022,1,0.76928782,"Natural",1,8,0,0,0,0,8
"416","901M14169",33.57631,-117.74769,901,"Orange","San Juan",0.65997475,2022-05-19,2022,1,0.65997475,"Natural",2,7,0,0,0,0,7
"417","901M14155",33.62138,-117.60683,901,"Orange","San Juan",0.66744307,2021-04-27,2021,2,0.6887478,"Natural",3,6,0,0,0,0,6
"418","901M14155",33.62138,-117.60683,901,"Orange","San Juan",0.6887478,2021-04-27,2021,1,0.6887478,"Natural",3,6,0,0,0,0,6
"419","901M14153",33.48072,-117.67784,901,"Orange","San Juan",0.68654693,2020-06-02,2020,1,0.68654693,"Soft Bottom (2)",3,6,0,0,0,0,6
"420","412M08662",34.06891,-118.05717,412,"Los Angeles","Los Angeles",0.3591639,2021-05-26,2021,1,0.3591639,"Hard Bottom",2,6,0,0,1,0,7
"421","412M08659",33.93942,-118.17479,412,"Los Angeles","Los Angeles",0.59525555,2020-07-20,2020,1,0.59525555,"Hard Bottom",0,8,0,0,1,0,9
"422","403WE0795",34.6408,-119.08094,403,"Ventura","Santa Clara",0.83922816,2022-05-19,2022,1,0.83922816,"Natural",0,0,3,6,0,0,0
"423","403WE0795",34.6408,-119.08094,403,"Ventura","Santa Clara",0.85348163,2022-05-19,2022,2,0.83922816,"Natural",0,0,3,6,0,0,0
"424","SMC02127",34.42318,-119.26474,402,"Ventura","Ventura",0.57393154,2023-06-08,2023,1,0.57393154,"Natural",3,6,0,0,0,0,6
"425","403S00772",34.40976,-118.93221,403,"Ventura","Santa Clara",0.62934064,2023-05-31,2023,1,0.62934064,"Natural",2,7,0,0,0,0,7
"426","SMC00318",33.81287,-118.20558,412,"Los Angeles","Los Angeles",0.51236945,2022-06-21,2022,1,0.51236945,"Hard Bottom",0,5,0,0,4,0,9
"427","801M15406",34.09198,-117.60878,801,"San Bernardino","Middle Santa Ana",0.28899614,2017-05-31,2017,1,0.28899614,"Hard Bottom",1,8,0,0,0,0,8
"428","801M15389",33.98531,-117.66605,801,"San Bernardino","Middle Santa Ana",0.29291407,2017-05-31,2017,1,0.29291407,"Hard Bottom",1,6,0,0,2,0,8
"429","403WE0560",34.55841,-119.14079,403,"Ventura","Santa Clara",0.76885337,2022-05-02,2022,1,0.76885337,"Natural",2,7,0,0,0,0,7
"430","403WE0534",34.61359,-118.77983,403,"Los Angeles","Santa Clara",0.87905821,2019-06-24,2019,1,0.87905821,"Natural",0,0,1,8,0,0,0
"431","402WE0536",34.5196,-119.40537,402,"Ventura","Ventura",1.0194064,2021-05-19,2021,1,1.0194064,"Natural",0,0,2,7,0,0,0
"432","412WE0552",34.23908,-118.18059,412,"Los Angeles","Los Angeles",0.96372765,2022-07-11,2022,1,0.96372765,"Natural",0,0,4,5,0,0,0
"433","412PS0020",34.07077,-118.09545,412,"Los Angeles","Los Angeles",0.40638526,2022-06-01,2022,1,0.40638526,"Hard Bottom",0,6,0,0,3,0,9
"434","402PS0048",34.53077,-119.40085,402,"Ventura","Ventura",0.95346573,2021-05-19,2021,1,0.95346573,"Natural",0,0,2,7,0,0,0
"435","SMC06496",34.16554,-117.8911,405,"Los Angeles","San Gabriel",0.71117114,2022-07-14,2022,1,0.71117114,"Natural",1,8,0,0,0,0,8
"436","412M08599",34.10602,-118.24338,412,"Los Angeles","Los Angeles",0.61902263,2022-07-21,2022,1,0.61902263,"Soft Bottom (2)",0,9,0,0,0,0,9
"437","SMC04670",33.86506,-118.10456,405,"Los Angeles","San Gabriel",0.32621129,2022-07-28,2022,1,0.32621129,"Hard Bottom",0,7,0,0,2,0,9
"438","SMC03390",33.82267,-118.09186,405,"Los Angeles","San Gabriel",0.47718303,2022-07-28,2022,1,0.47718303,"Hard Bottom",0,7,0,0,2,0,9
"439","SMC00574",33.87972,-118.10851,405,"Los Angeles","San Gabriel",0.3463871,2022-07-21,2022,1,0.3463871,"Hard Bottom",0,7,0,0,2,0,9
"440","SGLT506",34.06173,-117.99129,405,"Los Angeles","San Gabriel",0.57418273,2022-06-20,2022,1,0.57418273,"Soft Bottom (2)",0,9,0,0,0,0,9
"441","405M10600",33.85293,-118.10127,405,"Los Angeles","San Gabriel",0.60341547,2022-05-04,2022,1,0.60341547,"Hard Bottom",0,7,0,0,2,0,9
"442","405M10600",33.85293,-118.10127,405,"Los Angeles","San Gabriel",0.44650009,2022-07-28,2022,1,0.60341547,"Hard Bottom",0,7,0,0,2,0,9
"443","901ATCDOS",33.4981,-117.66593,901,"Orange","San Juan",0.68779174,2019-06-03,2019,1,0.68779174,"Soft Bottom (2)",3,6,0,0,0,0,6
"444","SMC00957",33.96195,-117.37075,801,"Riverside","Middle Santa Ana",0.58205361,2022-05-24,2022,1,0.58205361,"Natural",2,7,0,0,0,0,7
"445","SMC18169",33.89175,-117.57191,801,"Riverside","Middle Santa Ana",0.70326565,2022-04-29,2022,1,0.70326565,"Soft Bottom (2)",0,9,0,0,0,0,9
