"","masterid","longitude","latitude","county","sampleyear","CSCI.Score","Modified.Class","Total Stressed FFM"
"1","402BA0079",-119.27418,34.41183,"Ventura",2008,0.80420003,"Natural",0
"2","402BA0079",-119.27418,34.41183,"Ventura",2008,0.80420003,"Natural",0
"3","402BA0079",-119.27418,34.41183,"Ventura",2008,0.80420003,"Natural",0
"4","402BA0079",-119.27418,34.41183,"Ventura",2008,0.80420003,"Natural",0
"5","402BA0079",-119.27418,34.41183,"Ventura",2008,0.80420003,"Natural",0
"6","402BA0079",-119.27418,34.41183,"Ventura",2008,0.80420003,"Natural",0
"7","402BA0079",-119.27418,34.41183,"Ventura",2008,0.80420003,"Natural",0
"8","402BA0079",-119.27418,34.41183,"Ventura",2008,0.80420003,"Natural",0
"9","402BA0079",-119.27418,34.41183,"Ventura",2008,0.80420003,"Natural",0
"10","402BA0095",-119.34566,34.46328,"Ventura",2021,1.20235268,"Natural",0
"11","402BA0095",-119.34566,34.46328,"Ventura",2021,1.20235268,"Natural",0
"12","402BA0095",-119.34566,34.46328,"Ventura",2021,1.20235268,"Natural",0
"13","402BA0095",-119.34566,34.46328,"Ventura",2021,1.20235268,"Natural",0
"14","402BA0095",-119.34566,34.46328,"Ventura",2021,1.20235268,"Natural",0
"15","402BA0095",-119.34566,34.46328,"Ventura",2021,1.20235268,"Natural",0
"16","402BA0095",-119.34566,34.46328,"Ventura",2021,1.20235268,"Natural",0
"17","402BA0143",-119.31057,34.36483,"Ventura",2021,0.88615198,"Natural",0
"18","402BA0143",-119.31057,34.36483,"Ventura",2021,0.88615198,"Natural",0
"19","402BA0143",-119.31057,34.36483,"Ventura",2021,0.88615198,"Natural",0
"20","402BA0143",-119.31057,34.36483,"Ventura",2021,0.88615198,"Natural",0
"21","402BA0143",-119.31057,34.36483,"Ventura",2021,0.88615198,"Natural",0
"22","402BA0143",-119.31057,34.36483,"Ventura",2021,0.88615198,"Natural",0
"23","402BA0143",-119.31057,34.36483,"Ventura",2021,0.88615198,"Natural",0
"24","402BA0143",-119.31057,34.36483,"Ventura",2021,0.88615198,"Natural",0
"25","402BA0143",-119.31057,34.36483,"Ventura",2021,0.88615198,"Natural",0
"26","402BA0287",-119.36644,34.50284,"Ventura",2008,1.03211764,"Natural",0
"27","402BA0287",-119.36644,34.50284,"Ventura",2008,1.03211764,"Natural",0
"28","402BA0287",-119.36644,34.50284,"Ventura",2008,1.03211764,"Natural",0
"29","402BA0287",-119.36644,34.50284,"Ventura",2008,1.03211764,"Natural",0
"30","402BA0287",-119.36644,34.50284,"Ventura",2008,1.03211764,"Natural",0
"31","402WE0536",-119.40537,34.5196,"Ventura",2000,1.18887539,"Natural",0
"32","402WE0536",-119.40537,34.5196,"Ventura",2000,1.18887539,"Natural",0
"33","402WE0536",-119.40537,34.5196,"Ventura",2000,1.18887539,"Natural",0
"34","402WE0536",-119.40537,34.5196,"Ventura",2000,1.18887539,"Natural",0
"35","402WE0536",-119.40537,34.5196,"Ventura",2000,1.18887539,"Natural",0
"36","402WE0536",-119.40537,34.5196,"Ventura",2000,1.18887539,"Natural",0
"37","402WE0536",-119.40537,34.5196,"Ventura",2000,1.18887539,"Natural",0
"38","402WE0803",-119.3806,34.42131,"Ventura",2001,1.01464196,"Natural",0
"39","402WE0803",-119.3806,34.42131,"Ventura",2001,1.01464196,"Natural",0
"40","402WE0803",-119.3806,34.42131,"Ventura",2001,1.01464196,"Natural",0
"41","402WE0803",-119.3806,34.42131,"Ventura",2001,1.01464196,"Natural",0
"42","402WE0803",-119.3806,34.42131,"Ventura",2001,1.01464196,"Natural",0
"43","402WE0803",-119.3806,34.42131,"Ventura",2001,1.01464196,"Natural",0
"44","403BA0068",-118.90285,34.39179,"Ventura",2008,0.64595533,"Hard Bottom",0
"45","403BA0068",-118.90285,34.39179,"Ventura",2008,0.64595533,"Hard Bottom",0
"46","403BA0068",-118.90285,34.39179,"Ventura",2008,0.64595533,"Hard Bottom",0
"47","403BA0068",-118.90285,34.39179,"Ventura",2008,0.64595533,"Hard Bottom",0
"48","403BA0068",-118.90285,34.39179,"Ventura",2008,0.64595533,"Hard Bottom",0
"49","403BA0068",-118.90285,34.39179,"Ventura",2008,0.64595533,"Hard Bottom",0
"50","403BA0171",-119.28363,34.58516,"Ventura",2008,1.04866147,"Natural",0
"51","403BA0171",-119.28363,34.58516,"Ventura",2008,1.04866147,"Natural",0
"52","403BA0171",-119.28363,34.58516,"Ventura",2008,1.04866147,"Natural",0
"53","403BA0171",-119.28363,34.58516,"Ventura",2008,1.04866147,"Natural",0
"54","403BA0171",-119.28363,34.58516,"Ventura",2008,1.04866147,"Natural",0
"55","403S01195",-119.2678,34.55903,"Ventura",2009,0.83192615,"Natural",0
"56","403S01195",-119.2678,34.55903,"Ventura",2009,0.83192615,"Natural",0
"57","403S01195",-119.2678,34.55903,"Ventura",2009,0.83192615,"Natural",0
"58","403S01195",-119.2678,34.55903,"Ventura",2009,0.83192615,"Natural",0
"59","403S01195",-119.2678,34.55903,"Ventura",2009,0.83192615,"Natural",0
"60","403S01195",-119.2678,34.55903,"Ventura",2009,0.83192615,"Natural",0
"61","403S01195",-119.2678,34.55903,"Ventura",2009,0.83192615,"Natural",0
"62","403S05291",-119.26305,34.56397,"Ventura",2010,1.12336927,"Natural",0
"63","403S05291",-119.26305,34.56397,"Ventura",2010,1.12336927,"Natural",0
"64","403S05291",-119.26305,34.56397,"Ventura",2010,1.12336927,"Natural",0
"65","403S05291",-119.26305,34.56397,"Ventura",2010,1.12336927,"Natural",0
"66","403S05291",-119.26305,34.56397,"Ventura",2010,1.12336927,"Natural",0
"67","403S05291",-119.26305,34.56397,"Ventura",2010,1.12336927,"Natural",0
"68","403S05291",-119.26305,34.56397,"Ventura",2010,1.12336927,"Natural",0
"69","403S06139",-119.2405,34.55464,"Ventura",2012,0.51029031,"Natural",0
"70","403S06139",-119.2405,34.55464,"Ventura",2012,0.51029031,"Natural",0
"71","403S06139",-119.2405,34.55464,"Ventura",2012,0.51029031,"Natural",0
"72","403S06139",-119.2405,34.55464,"Ventura",2012,0.51029031,"Natural",0
"73","403S06139",-119.2405,34.55464,"Ventura",2012,0.51029031,"Natural",0
"74","403S06139",-119.2405,34.55464,"Ventura",2012,0.51029031,"Natural",0
"75","403S06139",-119.2405,34.55464,"Ventura",2012,0.51029031,"Natural",0
"76","403S06315",-119.31033,34.59223,"Ventura",2012,0.93241279,"Natural",0
"77","403S06315",-119.31033,34.59223,"Ventura",2012,0.93241279,"Natural",0
"78","403S06315",-119.31033,34.59223,"Ventura",2012,0.93241279,"Natural",0
"79","403S06315",-119.31033,34.59223,"Ventura",2012,0.93241279,"Natural",0
"80","403S06315",-119.31033,34.59223,"Ventura",2012,0.93241279,"Natural",0
"81","403S06315",-119.31033,34.59223,"Ventura",2012,0.93241279,"Natural",0
"82","403S06315",-119.31033,34.59223,"Ventura",2012,0.93241279,"Natural",0
"83","403S06315",-119.31033,34.59223,"Ventura",2012,0.93241279,"Natural",0
"84","403SPCNWS",-119.2579,34.5778,"Ventura",2014,1.11224199,"Natural",0
"85","403SPCNWS",-119.2579,34.5778,"Ventura",2014,1.11224199,"Natural",0
"86","403SPCNWS",-119.2579,34.5778,"Ventura",2014,1.11224199,"Natural",0
"87","403SPCNWS",-119.2579,34.5778,"Ventura",2014,1.11224199,"Natural",0
"88","403SPCNWS",-119.2579,34.5778,"Ventura",2014,1.11224199,"Natural",0
"89","403SPCNWS",-119.2579,34.5778,"Ventura",2014,1.11224199,"Natural",0
"90","403SPCNWS",-119.2579,34.5778,"Ventura",2014,1.11224199,"Natural",0
"91","403STC009",-118.75889,34.53833,"Los Angeles",2003,1.02947617,"Natural",0
"92","403STC009",-118.75889,34.53833,"Los Angeles",2003,1.02947617,"Natural",0
"93","403STC009",-118.75889,34.53833,"Los Angeles",2003,1.02947617,"Natural",0
"94","403STC009",-118.75889,34.53833,"Los Angeles",2003,1.02947617,"Natural",0
"95","403STC009",-118.75889,34.53833,"Los Angeles",2003,1.02947617,"Natural",0
"96","403STC009",-118.75889,34.53833,"Los Angeles",2003,1.02947617,"Natural",0
"97","403STC009",-118.75889,34.53833,"Los Angeles",2003,1.02947617,"Natural",0
"98","403STC009",-118.75889,34.53833,"Los Angeles",2003,1.02947617,"Natural",0
"99","403STC070",-119.26278,34.56667,"Ventura",2003,1.11039172,"Natural",0
"100","403STC070",-119.26278,34.56667,"Ventura",2003,1.11039172,"Natural",0
"101","403STC070",-119.26278,34.56667,"Ventura",2003,1.11039172,"Natural",0
"102","403STC070",-119.26278,34.56667,"Ventura",2003,1.11039172,"Natural",0
"103","403STC070",-119.26278,34.56667,"Ventura",2003,1.11039172,"Natural",0
"104","403STC070",-119.26278,34.56667,"Ventura",2003,1.11039172,"Natural",0
"105","403STC070",-119.26278,34.56667,"Ventura",2003,1.11039172,"Natural",0
"106","403WE0501",-118.77286,34.54172,"Ventura",2013,0.80794395,"Natural",0
"107","403WE0501",-118.77286,34.54172,"Ventura",2013,0.80794395,"Natural",0
"108","403WE0501",-118.77286,34.54172,"Ventura",2013,0.80794395,"Natural",0
"109","403WE0501",-118.77286,34.54172,"Ventura",2013,0.80794395,"Natural",0
"110","403WE0501",-118.77286,34.54172,"Ventura",2013,0.80794395,"Natural",0
"111","403WE0501",-118.77286,34.54172,"Ventura",2013,0.80794395,"Natural",0
"112","403WE0501",-118.77286,34.54172,"Ventura",2013,0.80794395,"Natural",0
"113","403WE0534",-118.77983,34.61359,"Los Angeles",2019,0.87645124,"Natural",0
"114","403WE0534",-118.77983,34.61359,"Los Angeles",2019,0.87645124,"Natural",0
"115","403WE0534",-118.77983,34.61359,"Los Angeles",2019,0.87645124,"Natural",0
"116","403WE0534",-118.77983,34.61359,"Los Angeles",2019,0.87645124,"Natural",0
"117","403WE0534",-118.77983,34.61359,"Los Angeles",2019,0.87645124,"Natural",0
"118","403WE0534",-118.77983,34.61359,"Los Angeles",2019,0.87645124,"Natural",0
"119","403WE0534",-118.77983,34.61359,"Los Angeles",2019,0.87645124,"Natural",0
"120","403WE0534",-118.77983,34.61359,"Los Angeles",2019,0.87645124,"Natural",0
"121","403WE0534",-118.77983,34.61359,"Los Angeles",2019,0.87645124,"Natural",0
"122","403WE0540",-119.11845,34.65136,"Ventura",2017,0.87474137,"Natural",0
"123","403WE0540",-119.11845,34.65136,"Ventura",2017,0.87474137,"Natural",0
"124","403WE0540",-119.11845,34.65136,"Ventura",2017,0.87474137,"Natural",0
"125","403WE0540",-119.11845,34.65136,"Ventura",2017,0.87474137,"Natural",0
"126","403WE0540",-119.11845,34.65136,"Ventura",2017,0.87474137,"Natural",0
"127","403WE0540",-119.11845,34.65136,"Ventura",2017,0.87474137,"Natural",0
"128","403WE0540",-119.11845,34.65136,"Ventura",2017,0.87474137,"Natural",0
"129","403WE0560",-119.14079,34.55841,"Ventura",2020,0.72002711,"Natural",0
"130","403WE0560",-119.14079,34.55841,"Ventura",2020,0.72002711,"Natural",0
"131","403WE0560",-119.14079,34.55841,"Ventura",2020,0.72002711,"Natural",0
"132","403WE0560",-119.14079,34.55841,"Ventura",2020,0.72002711,"Natural",0
"133","403WE0560",-119.14079,34.55841,"Ventura",2020,0.72002711,"Natural",0
"134","403WE0560",-119.14079,34.55841,"Ventura",2020,0.72002711,"Natural",0
"135","403WE0560",-119.14079,34.55841,"Ventura",2020,0.72002711,"Natural",0
"136","403WE0560",-119.14079,34.55841,"Ventura",2020,0.72002711,"Natural",0
"137","403WE0795",-119.08094,34.6408,"Ventura",2001,1.08652805,"Natural",0
"138","403WE0795",-119.08094,34.6408,"Ventura",2001,1.08652805,"Natural",0
"139","403WE0795",-119.08094,34.6408,"Ventura",2001,1.08652805,"Natural",0
"140","403WE0795",-119.08094,34.6408,"Ventura",2001,1.08652805,"Natural",0
"141","403WE0795",-119.08094,34.6408,"Ventura",2001,1.08652805,"Natural",0
"142","403WE0795",-119.08094,34.6408,"Ventura",2001,1.08652805,"Natural",0
"143","403WE0795",-119.08094,34.6408,"Ventura",2001,1.08652805,"Natural",0
"144","403WE0891",-119.14255,34.65926,"Ventura",2001,1.06232035,"Natural",0
"145","403WE0891",-119.14255,34.65926,"Ventura",2001,1.06232035,"Natural",0
"146","403WE0891",-119.14255,34.65926,"Ventura",2001,1.06232035,"Natural",0
"147","403WE0891",-119.14255,34.65926,"Ventura",2001,1.06232035,"Natural",0
"148","403WE0891",-119.14255,34.65926,"Ventura",2001,1.06232035,"Natural",0
"149","403WE0891",-119.14255,34.65926,"Ventura",2001,1.06232035,"Natural",0
"150","403WE0891",-119.14255,34.65926,"Ventura",2001,1.06232035,"Natural",0
"151","404S17664",-118.6976,34.14994,"Los Angeles",2009,0.56865924,"Hard Bottom",0
"152","404S17664",-118.6976,34.14994,"Los Angeles",2009,0.56865924,"Hard Bottom",0
"153","404S17664",-118.6976,34.14994,"Los Angeles",2009,0.56865924,"Hard Bottom",0
"154","404S17664",-118.6976,34.14994,"Los Angeles",2009,0.56865924,"Hard Bottom",0
"155","404S17664",-118.6976,34.14994,"Los Angeles",2009,0.56865924,"Hard Bottom",0
"156","404S17664",-118.6976,34.14994,"Los Angeles",2009,0.56865924,"Hard Bottom",0
"157","404S17664",-118.6976,34.14994,"Los Angeles",2009,0.56865924,"Hard Bottom",0
"158","404S17664",-118.6976,34.14994,"Los Angeles",2009,0.56865924,"Hard Bottom",0
"159","405PS0030",-117.80523,34.23487,"Los Angeles",2021,0.70063647,"Natural",1
"160","405PS0030",-117.80523,34.23487,"Los Angeles",2021,0.70063647,"Natural",1
"161","405PS0030",-117.80523,34.23487,"Los Angeles",2021,0.70063647,"Natural",1
"162","405PS0030",-117.80523,34.23487,"Los Angeles",2021,0.70063647,"Natural",1
"163","405PS0030",-117.80523,34.23487,"Los Angeles",2021,0.70063647,"Natural",1
"164","405PS0030",-117.80523,34.23487,"Los Angeles",2021,0.70063647,"Natural",1
"165","405PS0030",-117.80523,34.23487,"Los Angeles",2021,0.70063647,"Natural",1
"166","405PS0030",-117.80523,34.23487,"Los Angeles",2021,0.70063647,"Natural",1
"167","405PS0030",-117.80523,34.23487,"Los Angeles",2021,0.70063647,"Natural",1
"168","408BA0660",-118.93781,34.26784,"Ventura",2020,0.62962488,"Soft Bottom (2)",1
"169","408BA0660",-118.93781,34.26784,"Ventura",2020,0.62962488,"Soft Bottom (2)",1
"170","408BA0660",-118.93781,34.26784,"Ventura",2020,0.62962488,"Soft Bottom (2)",1
"171","408BA0660",-118.93781,34.26784,"Ventura",2020,0.62962488,"Soft Bottom (2)",1
"172","408BA0660",-118.93781,34.26784,"Ventura",2020,0.62962488,"Soft Bottom (2)",1
"173","408BA0660",-118.93781,34.26784,"Ventura",2020,0.62962488,"Soft Bottom (2)",1
"174","408BA0660",-118.93781,34.26784,"Ventura",2020,0.62962488,"Soft Bottom (2)",1
"175","408BA0660",-118.93781,34.26784,"Ventura",2020,0.62962488,"Soft Bottom (2)",1
"176","408BA0660",-118.93781,34.26784,"Ventura",2020,0.62962488,"Soft Bottom (2)",1
"177","412CE0104",-118.22324,34.06911,"Los Angeles",2005,0.64831647,"Hard Bottom",4
"178","412CE0104",-118.22324,34.06911,"Los Angeles",2005,0.64831647,"Hard Bottom",4
"179","412CE0104",-118.22324,34.06911,"Los Angeles",2005,0.64831647,"Hard Bottom",4
"180","412CE0104",-118.22324,34.06911,"Los Angeles",2005,0.64831647,"Hard Bottom",4
"181","412CE0104",-118.22324,34.06911,"Los Angeles",2005,0.64831647,"Hard Bottom",4
"182","412CE0104",-118.22324,34.06911,"Los Angeles",2005,0.64831647,"Hard Bottom",4
"183","412CE0104",-118.22324,34.06911,"Los Angeles",2005,0.64831647,"Hard Bottom",4
"184","412CE0104",-118.22324,34.06911,"Los Angeles",2005,0.64831647,"Hard Bottom",4
"185","412CE0104",-118.22324,34.06911,"Los Angeles",2005,0.64831647,"Hard Bottom",4
"186","412WE0552",-118.18059,34.23908,"Los Angeles",2021,0.78860611,"Natural",0
"187","412WE0552",-118.18059,34.23908,"Los Angeles",2021,0.78860611,"Natural",0
"188","412WE0552",-118.18059,34.23908,"Los Angeles",2021,0.78860611,"Natural",0
"189","412WE0552",-118.18059,34.23908,"Los Angeles",2021,0.78860611,"Natural",0
"190","412WE0552",-118.18059,34.23908,"Los Angeles",2021,0.78860611,"Natural",0
"191","412WE0552",-118.18059,34.23908,"Los Angeles",2021,0.78860611,"Natural",0
"192","412WE0552",-118.18059,34.23908,"Los Angeles",2021,0.78860611,"Natural",0
"193","412WE0552",-118.18059,34.23908,"Los Angeles",2021,0.78860611,"Natural",0
"194","412WE0563",-118.04869,34.34716,"Los Angeles",2001,1.16231493,"Natural",0
"195","412WE0563",-118.04869,34.34716,"Los Angeles",2001,1.16231493,"Natural",0
"196","412WE0563",-118.04869,34.34716,"Los Angeles",2001,1.16231493,"Natural",0
"197","412WE0563",-118.04869,34.34716,"Los Angeles",2001,1.16231493,"Natural",0
"198","412WE0563",-118.04869,34.34716,"Los Angeles",2001,1.16231493,"Natural",0
"199","412WE0563",-118.04869,34.34716,"Los Angeles",2001,1.16231493,"Natural",0
"200","412WE0563",-118.04869,34.34716,"Los Angeles",2001,1.16231493,"Natural",0
"201","412WE0563",-118.04869,34.34716,"Los Angeles",2001,1.16231493,"Natural",0
"202","801BNC530",-116.90881,34.17834,"San Bernardino",2014,0.8321489,"Natural",0
"203","801BNC530",-116.90881,34.17834,"San Bernardino",2014,0.8321489,"Natural",0
"204","801BNC530",-116.90881,34.17834,"San Bernardino",2014,0.8321489,"Natural",0
"205","801BNC530",-116.90881,34.17834,"San Bernardino",2014,0.8321489,"Natural",0
"206","801BNC530",-116.90881,34.17834,"San Bernardino",2014,0.8321489,"Natural",0
"207","801BNC530",-116.90881,34.17834,"San Bernardino",2014,0.8321489,"Natural",0
"208","801BNC530",-116.90881,34.17834,"San Bernardino",2014,0.8321489,"Natural",0
"209","801BNC530",-116.90881,34.17834,"San Bernardino",2014,0.8321489,"Natural",0
"210","801BNC530",-116.90881,34.17834,"San Bernardino",2014,0.8321489,"Natural",0
"211","801CBN012",-117.82201,33.91909,"Orange",2006,0.72571,"Natural",0
"212","801CBN012",-117.82201,33.91909,"Orange",2006,0.72571,"Natural",0
"213","801CBN012",-117.82201,33.91909,"Orange",2006,0.72571,"Natural",0
"214","801CBN012",-117.82201,33.91909,"Orange",2006,0.72571,"Natural",0
"215","801CBN012",-117.82201,33.91909,"Orange",2006,0.72571,"Natural",0
"216","801CBN012",-117.82201,33.91909,"Orange",2006,0.72571,"Natural",0
"217","801CBN012",-117.82201,33.91909,"Orange",2006,0.72571,"Natural",0
"218","801MIC370",-117.02393,34.10015,"San Bernardino",2014,0.81816787,"Natural",0
"219","801MIC370",-117.02393,34.10015,"San Bernardino",2014,0.81816787,"Natural",0
"220","801MIC370",-117.02393,34.10015,"San Bernardino",2014,0.81816787,"Natural",0
"221","801MIC370",-117.02393,34.10015,"San Bernardino",2014,0.81816787,"Natural",0
"222","801MIC370",-117.02393,34.10015,"San Bernardino",2014,0.81816787,"Natural",0
"223","801MIC370",-117.02393,34.10015,"San Bernardino",2014,0.81816787,"Natural",0
"224","801MIC370",-117.02393,34.10015,"San Bernardino",2014,0.81816787,"Natural",0
"225","801MIC370",-117.02393,34.10015,"San Bernardino",2014,0.81816787,"Natural",0
"226","801SJR159",-116.83089,33.73904,"Riverside",2007,0.42759394,"Natural",0
"227","801SJR159",-116.83089,33.73904,"Riverside",2007,0.42759394,"Natural",0
"228","801SJR159",-116.83089,33.73904,"Riverside",2007,0.42759394,"Natural",0
"229","801SJR159",-116.83089,33.73904,"Riverside",2007,0.42759394,"Natural",0
"230","801SJR159",-116.83089,33.73904,"Riverside",2007,0.42759394,"Natural",0
"231","801SJR159",-116.83089,33.73904,"Riverside",2007,0.42759394,"Natural",0
"232","801SJR159",-116.83089,33.73904,"Riverside",2007,0.42759394,"Natural",0
"233","801SJR159",-116.83089,33.73904,"Riverside",2007,0.42759394,"Natural",0
"234","801STC071",-117.67887,33.75347,"Orange",2008,0.70066518,"Natural",0
"235","801STC071",-117.67887,33.75347,"Orange",2008,0.70066518,"Natural",0
"236","801STC071",-117.67887,33.75347,"Orange",2008,0.70066518,"Natural",0
"237","801STC071",-117.67887,33.75347,"Orange",2008,0.70066518,"Natural",0
"238","801STC071",-117.67887,33.75347,"Orange",2008,0.70066518,"Natural",0
"239","801STC071",-117.67887,33.75347,"Orange",2008,0.70066518,"Natural",0
"240","801STC071",-117.67887,33.75347,"Orange",2008,0.70066518,"Natural",0
"241","801STC071",-117.67887,33.75347,"Orange",2008,0.70066518,"Natural",0
"242","801STC149",-117.67927,33.76593,"Orange",2008,0.97401423,"Natural",0
"243","801STC149",-117.67927,33.76593,"Orange",2008,0.97401423,"Natural",0
"244","801STC149",-117.67927,33.76593,"Orange",2008,0.97401423,"Natural",0
"245","801STC149",-117.67927,33.76593,"Orange",2008,0.97401423,"Natural",0
"246","801STC149",-117.67927,33.76593,"Orange",2008,0.97401423,"Natural",0
"247","801WE1008",-116.91197,34.18128,"San Bernardino",2019,0.41712903,"Natural",2
"248","801WE1008",-116.91197,34.18128,"San Bernardino",2019,0.41712903,"Natural",2
"249","801WE1008",-116.91197,34.18128,"San Bernardino",2019,0.41712903,"Natural",2
"250","801WE1008",-116.91197,34.18128,"San Bernardino",2019,0.41712903,"Natural",2
"251","801WE1008",-116.91197,34.18128,"San Bernardino",2019,0.41712903,"Natural",2
"252","801WE1008",-116.91197,34.18128,"San Bernardino",2019,0.41712903,"Natural",2
"253","801WE1008",-116.91197,34.18128,"San Bernardino",2019,0.41712903,"Natural",2
"254","801WE1008",-116.91197,34.18128,"San Bernardino",2019,0.41712903,"Natural",2
"255","801WE1008",-116.91197,34.18128,"San Bernardino",2019,0.41712903,"Natural",2
"256","801XXX118",-117.47566,34.27906,"San Bernardino",2008,0.7582271,"Natural",0
"257","801XXX118",-117.47566,34.27906,"San Bernardino",2008,0.7582271,"Natural",0
"258","801XXX118",-117.47566,34.27906,"San Bernardino",2008,0.7582271,"Natural",0
"259","801XXX118",-117.47566,34.27906,"San Bernardino",2008,0.7582271,"Natural",0
"260","801XXX118",-117.47566,34.27906,"San Bernardino",2008,0.7582271,"Natural",0
"261","801XXX118",-117.47566,34.27906,"San Bernardino",2008,0.7582271,"Natural",0
"262","801XXX118",-117.47566,34.27906,"San Bernardino",2008,0.7582271,"Natural",0
"263","801XXX118",-117.47566,34.27906,"San Bernardino",2008,0.7582271,"Natural",0
"264","801XXX118",-117.47566,34.27906,"San Bernardino",2008,0.7582271,"Natural",0
"265","802HYC496",-116.68416,33.68738,"Riverside",2008,0.8953412,"Natural",0
"266","802HYC496",-116.68416,33.68738,"Riverside",2008,0.8953412,"Natural",0
"267","802HYC496",-116.68416,33.68738,"Riverside",2008,0.8953412,"Natural",0
"268","802HYC496",-116.68416,33.68738,"Riverside",2008,0.8953412,"Natural",0
"269","802HYC496",-116.68416,33.68738,"Riverside",2008,0.8953412,"Natural",0
"270","802HYC496",-116.68416,33.68738,"Riverside",2008,0.8953412,"Natural",0
"271","802HYC496",-116.68416,33.68738,"Riverside",2008,0.8953412,"Natural",0
"272","802HYC496",-116.68416,33.68738,"Riverside",2008,0.8953412,"Natural",0
"273","802INC172",-116.8323,33.78651,"Riverside",2006,0.63126862,"Natural",0
"274","802INC172",-116.8323,33.78651,"Riverside",2006,0.63126862,"Natural",0
"275","802INC172",-116.8323,33.78651,"Riverside",2006,0.63126862,"Natural",0
"276","802INC172",-116.8323,33.78651,"Riverside",2006,0.63126862,"Natural",0
"277","802INC172",-116.8323,33.78651,"Riverside",2006,0.63126862,"Natural",0
"278","802INC172",-116.8323,33.78651,"Riverside",2006,0.63126862,"Natural",0
"279","802INC172",-116.8323,33.78651,"Riverside",2006,0.63126862,"Natural",0
"280","802SJC453",-116.82834,33.73882,"Riverside",2011,0.69819089,"Natural",0
"281","802SJC453",-116.82834,33.73882,"Riverside",2011,0.69819089,"Natural",0
"282","802SJC453",-116.82834,33.73882,"Riverside",2011,0.69819089,"Natural",0
"283","802SJC453",-116.82834,33.73882,"Riverside",2011,0.69819089,"Natural",0
"284","802SJC453",-116.82834,33.73882,"Riverside",2011,0.69819089,"Natural",0
"285","802SJC453",-116.82834,33.73882,"Riverside",2011,0.69819089,"Natural",0
"286","802SJC453",-116.82834,33.73882,"Riverside",2011,0.69819089,"Natural",0
"287","802SJC453",-116.82834,33.73882,"Riverside",2011,0.69819089,"Natural",0
"288","802SWC020",-116.6902,33.76698,"Riverside",2012,0.99270327,"Natural",0
"289","802SWC020",-116.6902,33.76698,"Riverside",2012,0.99270327,"Natural",0
"290","802SWC020",-116.6902,33.76698,"Riverside",2012,0.99270327,"Natural",0
"291","802SWC020",-116.6902,33.76698,"Riverside",2012,0.99270327,"Natural",0
"292","802SWC020",-116.6902,33.76698,"Riverside",2012,0.99270327,"Natural",0
"293","802SWC020",-116.6902,33.76698,"Riverside",2012,0.99270327,"Natural",0
"294","802SWC020",-116.6902,33.76698,"Riverside",2012,0.99270327,"Natural",0
"295","802SWC020",-116.6902,33.76698,"Riverside",2012,0.99270327,"Natural",0
"296","802SWC020",-116.6902,33.76698,"Riverside",2012,0.99270327,"Natural",0
"297","901ATCDOS",-117.66593,33.4981,"Orange",2017,0.34272631,"Soft Bottom (2)",0
"298","901ATCDOS",-117.66593,33.4981,"Orange",2017,0.34272631,"Soft Bottom (2)",0
"299","901ATCDOS",-117.66593,33.4981,"Orange",2017,0.34272631,"Soft Bottom (2)",0
"300","901ATCDOS",-117.66593,33.4981,"Orange",2017,0.34272631,"Soft Bottom (2)",0
"301","901ATCDOS",-117.66593,33.4981,"Orange",2017,0.34272631,"Soft Bottom (2)",0
"302","902S01097",-117.25537,33.48724,"Riverside",2020,1.01277203,"Natural",0
"303","902S01097",-117.25537,33.48724,"Riverside",2020,1.01277203,"Natural",0
"304","902S01097",-117.25537,33.48724,"Riverside",2020,1.01277203,"Natural",0
"305","902S01097",-117.25537,33.48724,"Riverside",2020,1.01277203,"Natural",0
"306","902S01097",-117.25537,33.48724,"Riverside",2020,1.01277203,"Natural",0
"307","902S01097",-117.25537,33.48724,"Riverside",2020,1.01277203,"Natural",0
"308","903WE0900",-116.81511,33.33052,"San Diego",2021,1.14258223,"Natural",0
"309","903WE0900",-116.81511,33.33052,"San Diego",2021,1.14258223,"Natural",0
"310","903WE0900",-116.81511,33.33052,"San Diego",2021,1.14258223,"Natural",0
"311","903WE0900",-116.81511,33.33052,"San Diego",2021,1.14258223,"Natural",0
"312","903WE0900",-116.81511,33.33052,"San Diego",2021,1.14258223,"Natural",0
"313","903WE0900",-116.81511,33.33052,"San Diego",2021,1.14258223,"Natural",0
"314","903WE0900",-116.81511,33.33052,"San Diego",2021,1.14258223,"Natural",0
"315","905SDYSA7",-116.91668,33.08603,"San Diego",2008,0.87343112,"Natural",0
"316","905SDYSA7",-116.91668,33.08603,"San Diego",2008,0.87343112,"Natural",0
"317","905SDYSA7",-116.91668,33.08603,"San Diego",2008,0.87343112,"Natural",0
"318","905SDYSA7",-116.91668,33.08603,"San Diego",2008,0.87343112,"Natural",0
"319","905SDYSA7",-116.91668,33.08603,"San Diego",2008,0.87343112,"Natural",0
"320","905SDYSA7",-116.91668,33.08603,"San Diego",2008,0.87343112,"Natural",0
"321","905SDYSA7",-116.91668,33.08603,"San Diego",2008,0.87343112,"Natural",0
"322","905SDYSA7",-116.91668,33.08603,"San Diego",2008,0.87343112,"Natural",0
"323","905SDYSA7",-116.91668,33.08603,"San Diego",2008,0.87343112,"Natural",0
"324","907M23362",-116.71432,32.9918,"San Diego",2017,0.94875698,"Natural",0
"325","907M23362",-116.71432,32.9918,"San Diego",2017,0.94875698,"Natural",0
"326","907M23362",-116.71432,32.9918,"San Diego",2017,0.94875698,"Natural",0
"327","907M23362",-116.71432,32.9918,"San Diego",2017,0.94875698,"Natural",0
"328","907M23362",-116.71432,32.9918,"San Diego",2017,0.94875698,"Natural",0
"329","907M23362",-116.71432,32.9918,"San Diego",2017,0.94875698,"Natural",0
"330","907M23362",-116.71432,32.9918,"San Diego",2017,0.94875698,"Natural",0
"331","907M23362",-116.71432,32.9918,"San Diego",2017,0.94875698,"Natural",0
"332","907M23362",-116.71432,32.9918,"San Diego",2017,0.94875698,"Natural",0
"333","907M23367",-116.66364,32.96335,"San Diego",2018,0.9228115,"Natural",0
"334","907M23367",-116.66364,32.96335,"San Diego",2018,0.9228115,"Natural",0
"335","907M23367",-116.66364,32.96335,"San Diego",2018,0.9228115,"Natural",0
"336","907M23367",-116.66364,32.96335,"San Diego",2018,0.9228115,"Natural",0
"337","907M23367",-116.66364,32.96335,"San Diego",2018,0.9228115,"Natural",0
"338","907M23367",-116.66364,32.96335,"San Diego",2018,0.9228115,"Natural",0
"339","907M23367",-116.66364,32.96335,"San Diego",2018,0.9228115,"Natural",0
"340","907M23367",-116.66364,32.96335,"San Diego",2018,0.9228115,"Natural",0
"341","907M23367",-116.66364,32.96335,"San Diego",2018,0.9228115,"Natural",0
"342","907S01418",-116.71771,32.99254,"San Diego",2021,1.04368813,"Natural",0
"343","907S01418",-116.71771,32.99254,"San Diego",2021,1.04368813,"Natural",0
"344","907S01418",-116.71771,32.99254,"San Diego",2021,1.04368813,"Natural",0
"345","907S01418",-116.71771,32.99254,"San Diego",2021,1.04368813,"Natural",0
"346","907S01418",-116.71771,32.99254,"San Diego",2021,1.04368813,"Natural",0
"347","907S01418",-116.71771,32.99254,"San Diego",2021,1.04368813,"Natural",0
"348","907S01418",-116.71771,32.99254,"San Diego",2021,1.04368813,"Natural",0
"349","907S01418",-116.71771,32.99254,"San Diego",2021,1.04368813,"Natural",0
"350","907S01418",-116.71771,32.99254,"San Diego",2021,1.04368813,"Natural",0
"351","907SSDR11",-117.0627,32.82119,"San Diego",2008,0.75650367,"Natural",3
"352","907SSDR11",-117.0627,32.82119,"San Diego",2008,0.75650367,"Natural",3
"353","907SSDR11",-117.0627,32.82119,"San Diego",2008,0.75650367,"Natural",3
"354","907SSDR11",-117.0627,32.82119,"San Diego",2008,0.75650367,"Natural",3
"355","907SSDR11",-117.0627,32.82119,"San Diego",2008,0.75650367,"Natural",3
"356","907SSDR11",-117.0627,32.82119,"San Diego",2008,0.75650367,"Natural",3
"357","907SSDR11",-117.0627,32.82119,"San Diego",2008,0.75650367,"Natural",3
"358","907SSDR11",-117.0627,32.82119,"San Diego",2008,0.75650367,"Natural",3
"359","907SSDR11",-117.0627,32.82119,"San Diego",2008,0.75650367,"Natural",3
"360","909S14218",-116.73603,32.82998,"San Diego",2012,0.9963932,"Natural",0
"361","909S14218",-116.73603,32.82998,"San Diego",2012,0.9963932,"Natural",0
"362","909S14218",-116.73603,32.82998,"San Diego",2012,0.9963932,"Natural",0
"363","909S14218",-116.73603,32.82998,"San Diego",2012,0.9963932,"Natural",0
"364","909S14218",-116.73603,32.82998,"San Diego",2012,0.9963932,"Natural",0
"365","909S14218",-116.73603,32.82998,"San Diego",2012,0.9963932,"Natural",0
"366","909S14218",-116.73603,32.82998,"San Diego",2012,0.9963932,"Natural",0
"367","909WE1014",-116.7265,32.83213,"San Diego",2022,0.88981831,"Natural",0
"368","909WE1014",-116.7265,32.83213,"San Diego",2022,0.88981831,"Natural",0
"369","909WE1014",-116.7265,32.83213,"San Diego",2022,0.88981831,"Natural",0
"370","909WE1014",-116.7265,32.83213,"San Diego",2022,0.88981831,"Natural",0
"371","909WE1014",-116.7265,32.83213,"San Diego",2022,0.88981831,"Natural",0
"372","909WE1014",-116.7265,32.83213,"San Diego",2022,0.88981831,"Natural",0
"373","909WE1014",-116.7265,32.83213,"San Diego",2022,0.88981831,"Natural",0
"374","ME-SCR",-119.1097,34.30063,"Ventura",2018,0.61892663,"Natural",9
"375","ME-SCR",-119.1097,34.30063,"Ventura",2018,0.61892663,"Natural",9
"376","ME-SCR",-119.1097,34.30063,"Ventura",2018,0.61892663,"Natural",9
"377","ME-SCR",-119.1097,34.30063,"Ventura",2018,0.61892663,"Natural",9
"378","ME-SCR",-119.1097,34.30063,"Ventura",2018,0.61892663,"Natural",9
"379","ME-SCR",-119.1097,34.30063,"Ventura",2018,0.61892663,"Natural",9
"380","ME-SCR",-119.1097,34.30063,"Ventura",2018,0.61892663,"Natural",9
"381","ME-SCR",-119.1097,34.30063,"Ventura",2018,0.61892663,"Natural",9
"382","ME-SCR",-119.1097,34.30063,"Ventura",2018,0.61892663,"Natural",9
"383","SGLT506",-117.99129,34.06173,"Los Angeles",2021,0.34125925,"Soft Bottom (2)",2
"384","SGLT506",-117.99129,34.06173,"Los Angeles",2021,0.34125925,"Soft Bottom (2)",2
"385","SGLT506",-117.99129,34.06173,"Los Angeles",2021,0.34125925,"Soft Bottom (2)",2
"386","SGLT506",-117.99129,34.06173,"Los Angeles",2021,0.34125925,"Soft Bottom (2)",2
"387","SGLT506",-117.99129,34.06173,"Los Angeles",2021,0.34125925,"Soft Bottom (2)",2
"388","SGLT506",-117.99129,34.06173,"Los Angeles",2021,0.34125925,"Soft Bottom (2)",2
"389","SGLT506",-117.99129,34.06173,"Los Angeles",2021,0.34125925,"Soft Bottom (2)",2
"390","SGLT506",-117.99129,34.06173,"Los Angeles",2021,0.34125925,"Soft Bottom (2)",2
"391","SGUT503",-117.83856,34.29216,"Los Angeles",2016,1.13628524,"Natural",0
"392","SGUT503",-117.83856,34.29216,"Los Angeles",2016,1.13628524,"Natural",0
"393","SGUT503",-117.83856,34.29216,"Los Angeles",2016,1.13628524,"Natural",0
"394","SGUT503",-117.83856,34.29216,"Los Angeles",2016,1.13628524,"Natural",0
"395","SGUT503",-117.83856,34.29216,"Los Angeles",2016,1.13628524,"Natural",0
"396","SGUT503",-117.83856,34.29216,"Los Angeles",2016,1.13628524,"Natural",0
"397","SGUT503",-117.83856,34.29216,"Los Angeles",2016,1.13628524,"Natural",0
"398","SGUT503",-117.83856,34.29216,"Los Angeles",2016,1.13628524,"Natural",0
"399","SMC00198",-117.13818,32.93701,"San Diego",2021,0.78214873,"Natural",0
"400","SMC00198",-117.13818,32.93701,"San Diego",2021,0.78214873,"Natural",0
"401","SMC00198",-117.13818,32.93701,"San Diego",2021,0.78214873,"Natural",0
"402","SMC00198",-117.13818,32.93701,"San Diego",2021,0.78214873,"Natural",0
"403","SMC00198",-117.13818,32.93701,"San Diego",2021,0.78214873,"Natural",0
"404","SMC00198",-117.13818,32.93701,"San Diego",2021,0.78214873,"Natural",0
"405","SMC00198",-117.13818,32.93701,"San Diego",2021,0.78214873,"Natural",0
"406","SMC00318",-118.20558,33.81287,"Los Angeles",2021,0.34851631,"Hard Bottom",7
"407","SMC00318",-118.20558,33.81287,"Los Angeles",2021,0.34851631,"Hard Bottom",7
"408","SMC00318",-118.20558,33.81287,"Los Angeles",2021,0.34851631,"Hard Bottom",7
"409","SMC00318",-118.20558,33.81287,"Los Angeles",2021,0.34851631,"Hard Bottom",7
"410","SMC00318",-118.20558,33.81287,"Los Angeles",2021,0.34851631,"Hard Bottom",7
"411","SMC00318",-118.20558,33.81287,"Los Angeles",2021,0.34851631,"Hard Bottom",7
"412","SMC00318",-118.20558,33.81287,"Los Angeles",2021,0.34851631,"Hard Bottom",7
"413","SMC00318",-118.20558,33.81287,"Los Angeles",2021,0.34851631,"Hard Bottom",7
"414","SMC00318",-118.20558,33.81287,"Los Angeles",2021,0.34851631,"Hard Bottom",7
"415","SMC00436",-118.27863,34.149,"Los Angeles",2017,0.6036386,"Hard Bottom",2
"416","SMC00436",-118.27863,34.149,"Los Angeles",2017,0.6036386,"Hard Bottom",2
"417","SMC00436",-118.27863,34.149,"Los Angeles",2017,0.6036386,"Hard Bottom",2
"418","SMC00436",-118.27863,34.149,"Los Angeles",2017,0.6036386,"Hard Bottom",2
"419","SMC00436",-118.27863,34.149,"Los Angeles",2017,0.6036386,"Hard Bottom",2
"420","SMC00436",-118.27863,34.149,"Los Angeles",2017,0.6036386,"Hard Bottom",2
"421","SMC00436",-118.27863,34.149,"Los Angeles",2017,0.6036386,"Hard Bottom",2
"422","SMC00436",-118.27863,34.149,"Los Angeles",2017,0.6036386,"Hard Bottom",2
"423","SMC00436",-118.27863,34.149,"Los Angeles",2017,0.6036386,"Hard Bottom",2
"424","SMC00476",-118.13381,34.24209,"Los Angeles",2009,1.14533649,"Natural",0
"425","SMC00476",-118.13381,34.24209,"Los Angeles",2009,1.14533649,"Natural",0
"426","SMC00476",-118.13381,34.24209,"Los Angeles",2009,1.14533649,"Natural",0
"427","SMC00476",-118.13381,34.24209,"Los Angeles",2009,1.14533649,"Natural",0
"428","SMC00476",-118.13381,34.24209,"Los Angeles",2009,1.14533649,"Natural",0
"429","SMC00476",-118.13381,34.24209,"Los Angeles",2009,1.14533649,"Natural",0
"430","SMC00476",-118.13381,34.24209,"Los Angeles",2009,1.14533649,"Natural",0
"431","SMC00476",-118.13381,34.24209,"Los Angeles",2009,1.14533649,"Natural",0
"432","SMC00710",-117.20028,32.88934,"San Diego",2022,0.66024771,"Natural",4
"433","SMC00710",-117.20028,32.88934,"San Diego",2022,0.66024771,"Natural",4
"434","SMC00710",-117.20028,32.88934,"San Diego",2022,0.66024771,"Natural",4
"435","SMC00710",-117.20028,32.88934,"San Diego",2022,0.66024771,"Natural",4
"436","SMC00710",-117.20028,32.88934,"San Diego",2022,0.66024771,"Natural",4
"437","SMC00710",-117.20028,32.88934,"San Diego",2022,0.66024771,"Natural",4
"438","SMC00873",-117.62668,33.59849,"Orange",2020,0.64883298,"Natural",0
"439","SMC00873",-117.62668,33.59849,"Orange",2020,0.64883298,"Natural",0
"440","SMC00873",-117.62668,33.59849,"Orange",2020,0.64883298,"Natural",0
"441","SMC00873",-117.62668,33.59849,"Orange",2020,0.64883298,"Natural",0
"442","SMC00873",-117.62668,33.59849,"Orange",2020,0.64883298,"Natural",0
"443","SMC00873",-117.62668,33.59849,"Orange",2020,0.64883298,"Natural",0
"444","SMC00873",-117.62668,33.59849,"Orange",2020,0.64883298,"Natural",0
"445","SMC00899",-117.7888,33.71747,"Orange",2021,0.2357656,"Hard Bottom",1
"446","SMC00899",-117.7888,33.71747,"Orange",2021,0.2357656,"Hard Bottom",1
"447","SMC00899",-117.7888,33.71747,"Orange",2021,0.2357656,"Hard Bottom",1
"448","SMC00899",-117.7888,33.71747,"Orange",2021,0.2357656,"Hard Bottom",1
"449","SMC00899",-117.7888,33.71747,"Orange",2021,0.2357656,"Hard Bottom",1
"450","SMC00899",-117.7888,33.71747,"Orange",2021,0.2357656,"Hard Bottom",1
"451","SMC00899",-117.7888,33.71747,"Orange",2021,0.2357656,"Hard Bottom",1
"452","SMC00899",-117.7888,33.71747,"Orange",2021,0.2357656,"Hard Bottom",1
"453","SMC00899",-117.7888,33.71747,"Orange",2021,0.2357656,"Hard Bottom",1
"454","SMC00957",-117.37075,33.96195,"Riverside",2021,0.58131726,"Natural",0
"455","SMC00957",-117.37075,33.96195,"Riverside",2021,0.58131726,"Natural",0
"456","SMC00957",-117.37075,33.96195,"Riverside",2021,0.58131726,"Natural",0
"457","SMC00957",-117.37075,33.96195,"Riverside",2021,0.58131726,"Natural",0
"458","SMC00957",-117.37075,33.96195,"Riverside",2021,0.58131726,"Natural",0
"459","SMC00957",-117.37075,33.96195,"Riverside",2021,0.58131726,"Natural",0
"460","SMC00957",-117.37075,33.96195,"Riverside",2021,0.58131726,"Natural",0
"461","SMC00957",-117.37075,33.96195,"Riverside",2021,0.58131726,"Natural",0
"462","SMC00957",-117.37075,33.96195,"Riverside",2021,0.58131726,"Natural",0
"463","SMC00958",-117.99894,33.82532,"Orange",2011,0.25106647,"Soft Bottom (2)",4
"464","SMC00958",-117.99894,33.82532,"Orange",2011,0.25106647,"Soft Bottom (2)",4
"465","SMC00958",-117.99894,33.82532,"Orange",2011,0.25106647,"Soft Bottom (2)",4
"466","SMC00958",-117.99894,33.82532,"Orange",2011,0.25106647,"Soft Bottom (2)",4
"467","SMC00958",-117.99894,33.82532,"Orange",2011,0.25106647,"Soft Bottom (2)",4
"468","SMC00958",-117.99894,33.82532,"Orange",2011,0.25106647,"Soft Bottom (2)",4
"469","SMC00958",-117.99894,33.82532,"Orange",2011,0.25106647,"Soft Bottom (2)",4
"470","SMC01158",-117.16676,32.96281,"San Diego",2009,0.4944046,"Natural",0
"471","SMC01158",-117.16676,32.96281,"San Diego",2009,0.4944046,"Natural",0
"472","SMC01158",-117.16676,32.96281,"San Diego",2009,0.4944046,"Natural",0
"473","SMC01158",-117.16676,32.96281,"San Diego",2009,0.4944046,"Natural",0
"474","SMC01158",-117.16676,32.96281,"San Diego",2009,0.4944046,"Natural",0
"475","SMC01257",-117.61859,33.60842,"Orange",2011,0.68445478,"Soft Bottom (2)",0
"476","SMC01257",-117.61859,33.60842,"Orange",2011,0.68445478,"Soft Bottom (2)",0
"477","SMC01257",-117.61859,33.60842,"Orange",2011,0.68445478,"Soft Bottom (2)",0
"478","SMC01257",-117.61859,33.60842,"Orange",2011,0.68445478,"Soft Bottom (2)",0
"479","SMC01257",-117.61859,33.60842,"Orange",2011,0.68445478,"Soft Bottom (2)",0
"480","SMC01257",-117.61859,33.60842,"Orange",2011,0.68445478,"Soft Bottom (2)",0
"481","SMC01260",-117.97473,34.06502,"Los Angeles",2019,0.52670153,"Hard Bottom",0
"482","SMC01260",-117.97473,34.06502,"Los Angeles",2019,0.52670153,"Hard Bottom",0
"483","SMC01260",-117.97473,34.06502,"Los Angeles",2019,0.52670153,"Hard Bottom",0
"484","SMC01260",-117.97473,34.06502,"Los Angeles",2019,0.52670153,"Hard Bottom",0
"485","SMC01260",-117.97473,34.06502,"Los Angeles",2019,0.52670153,"Hard Bottom",0
"486","SMC01260",-117.97473,34.06502,"Los Angeles",2019,0.52670153,"Hard Bottom",0
"487","SMC01260",-117.97473,34.06502,"Los Angeles",2019,0.52670153,"Hard Bottom",0
"488","SMC01260",-117.97473,34.06502,"Los Angeles",2019,0.52670153,"Hard Bottom",0
"489","SMC01320",-118.25082,34.29856,"Los Angeles",2022,1.02554749,"Natural",0
"490","SMC01320",-118.25082,34.29856,"Los Angeles",2022,1.02554749,"Natural",0
"491","SMC01320",-118.25082,34.29856,"Los Angeles",2022,1.02554749,"Natural",0
"492","SMC01320",-118.25082,34.29856,"Los Angeles",2022,1.02554749,"Natural",0
"493","SMC01320",-118.25082,34.29856,"Los Angeles",2022,1.02554749,"Natural",0
"494","SMC01320",-118.25082,34.29856,"Los Angeles",2022,1.02554749,"Natural",0
"495","SMC01320",-118.25082,34.29856,"Los Angeles",2022,1.02554749,"Natural",0
"496","SMC01320",-118.25082,34.29856,"Los Angeles",2022,1.02554749,"Natural",0
"497","SMC01320",-118.25082,34.29856,"Los Angeles",2022,1.02554749,"Natural",0
"498","SMC01358",-118.24673,33.90965,"Los Angeles",2011,0.39631683,"Hard Bottom",4
"499","SMC01358",-118.24673,33.90965,"Los Angeles",2011,0.39631683,"Hard Bottom",4
"500","SMC01358",-118.24673,33.90965,"Los Angeles",2011,0.39631683,"Hard Bottom",4
"501","SMC01358",-118.24673,33.90965,"Los Angeles",2011,0.39631683,"Hard Bottom",4
"502","SMC01358",-118.24673,33.90965,"Los Angeles",2011,0.39631683,"Hard Bottom",4
"503","SMC01358",-118.24673,33.90965,"Los Angeles",2011,0.39631683,"Hard Bottom",4
"504","SMC01358",-118.24673,33.90965,"Los Angeles",2011,0.39631683,"Hard Bottom",4
"505","SMC01358",-118.24673,33.90965,"Los Angeles",2011,0.39631683,"Hard Bottom",4
"506","SMC01358",-118.24673,33.90965,"Los Angeles",2011,0.39631683,"Hard Bottom",4
"507","SMC01372",-118.61386,34.43437,"Los Angeles",2010,0.69977804,"Natural",4
"508","SMC01372",-118.61386,34.43437,"Los Angeles",2010,0.69977804,"Natural",4
"509","SMC01372",-118.61386,34.43437,"Los Angeles",2010,0.69977804,"Natural",4
"510","SMC01372",-118.61386,34.43437,"Los Angeles",2010,0.69977804,"Natural",4
"511","SMC01372",-118.61386,34.43437,"Los Angeles",2010,0.69977804,"Natural",4
"512","SMC01372",-118.61386,34.43437,"Los Angeles",2010,0.69977804,"Natural",4
"513","SMC01372",-118.61386,34.43437,"Los Angeles",2010,0.69977804,"Natural",4
"514","SMC01372",-118.61386,34.43437,"Los Angeles",2010,0.69977804,"Natural",4
"515","SMC01372",-118.61386,34.43437,"Los Angeles",2010,0.69977804,"Natural",4
"516","SMC01413",-116.80627,33.30552,"San Diego",2012,0.9483556,"Natural",0
"517","SMC01413",-116.80627,33.30552,"San Diego",2012,0.9483556,"Natural",0
"518","SMC01413",-116.80627,33.30552,"San Diego",2012,0.9483556,"Natural",0
"519","SMC01413",-116.80627,33.30552,"San Diego",2012,0.9483556,"Natural",0
"520","SMC01413",-116.80627,33.30552,"San Diego",2012,0.9483556,"Natural",0
"521","SMC01452",-118.06675,34.09095,"Los Angeles",2010,0.39719444,"Hard Bottom",0
"522","SMC01452",-118.06675,34.09095,"Los Angeles",2010,0.39719444,"Hard Bottom",0
"523","SMC01452",-118.06675,34.09095,"Los Angeles",2010,0.39719444,"Hard Bottom",0
"524","SMC01452",-118.06675,34.09095,"Los Angeles",2010,0.39719444,"Hard Bottom",0
"525","SMC01452",-118.06675,34.09095,"Los Angeles",2010,0.39719444,"Hard Bottom",0
"526","SMC01452",-118.06675,34.09095,"Los Angeles",2010,0.39719444,"Hard Bottom",0
"527","SMC01544",-118.24843,34.29729,"Los Angeles",2021,0.75791734,"Natural",0
"528","SMC01544",-118.24843,34.29729,"Los Angeles",2021,0.75791734,"Natural",0
"529","SMC01544",-118.24843,34.29729,"Los Angeles",2021,0.75791734,"Natural",0
"530","SMC01544",-118.24843,34.29729,"Los Angeles",2021,0.75791734,"Natural",0
"531","SMC01544",-118.24843,34.29729,"Los Angeles",2021,0.75791734,"Natural",0
"532","SMC01544",-118.24843,34.29729,"Los Angeles",2021,0.75791734,"Natural",0
"533","SMC01544",-118.24843,34.29729,"Los Angeles",2021,0.75791734,"Natural",0
"534","SMC01544",-118.24843,34.29729,"Los Angeles",2021,0.75791734,"Natural",0
"535","SMC01544",-118.24843,34.29729,"Los Angeles",2021,0.75791734,"Natural",0
"536","SMC01567",-119.38373,34.50959,"Ventura",2017,0.7055566,"Natural",0
"537","SMC01567",-119.38373,34.50959,"Ventura",2017,0.7055566,"Natural",0
"538","SMC01567",-119.38373,34.50959,"Ventura",2017,0.7055566,"Natural",0
"539","SMC01567",-119.38373,34.50959,"Ventura",2017,0.7055566,"Natural",0
"540","SMC01567",-119.38373,34.50959,"Ventura",2017,0.7055566,"Natural",0
"541","SMC01567",-119.38373,34.50959,"Ventura",2017,0.7055566,"Natural",0
"542","SMC01567",-119.38373,34.50959,"Ventura",2017,0.7055566,"Natural",0
"543","SMC01726",-117.98816,33.86351,"Orange",2019,0.41975936,"Hard Bottom",2
"544","SMC01726",-117.98816,33.86351,"Orange",2019,0.41975936,"Hard Bottom",2
"545","SMC01726",-117.98816,33.86351,"Orange",2019,0.41975936,"Hard Bottom",2
"546","SMC01726",-117.98816,33.86351,"Orange",2019,0.41975936,"Hard Bottom",2
"547","SMC01726",-117.98816,33.86351,"Orange",2019,0.41975936,"Hard Bottom",2
"548","SMC01726",-117.98816,33.86351,"Orange",2019,0.41975936,"Hard Bottom",2
"549","SMC01726",-117.98816,33.86351,"Orange",2019,0.41975936,"Hard Bottom",2
"550","SMC01772",-118.1228,34.11001,"Los Angeles",2012,0.59650956,"Hard Bottom",1
"551","SMC01772",-118.1228,34.11001,"Los Angeles",2012,0.59650956,"Hard Bottom",1
"552","SMC01772",-118.1228,34.11001,"Los Angeles",2012,0.59650956,"Hard Bottom",1
"553","SMC01772",-118.1228,34.11001,"Los Angeles",2012,0.59650956,"Hard Bottom",1
"554","SMC01772",-118.1228,34.11001,"Los Angeles",2012,0.59650956,"Hard Bottom",1
"555","SMC01772",-118.1228,34.11001,"Los Angeles",2012,0.59650956,"Hard Bottom",1
"556","SMC01772",-118.1228,34.11001,"Los Angeles",2012,0.59650956,"Hard Bottom",1
"557","SMC01912",-118.60295,34.23429,"Los Angeles",2012,0.39133775,"Hard Bottom",0
"558","SMC01912",-118.60295,34.23429,"Los Angeles",2012,0.39133775,"Hard Bottom",0
"559","SMC01912",-118.60295,34.23429,"Los Angeles",2012,0.39133775,"Hard Bottom",0
"560","SMC01912",-118.60295,34.23429,"Los Angeles",2012,0.39133775,"Hard Bottom",0
"561","SMC01912",-118.60295,34.23429,"Los Angeles",2012,0.39133775,"Hard Bottom",0
"562","SMC01912",-118.60295,34.23429,"Los Angeles",2012,0.39133775,"Hard Bottom",0
"563","SMC01934",-117.66595,33.49,"Orange",2012,0.56029062,"Soft Bottom (2)",0
"564","SMC01934",-117.66595,33.49,"Orange",2012,0.56029062,"Soft Bottom (2)",0
"565","SMC01934",-117.66595,33.49,"Orange",2012,0.56029062,"Soft Bottom (2)",0
"566","SMC01934",-117.66595,33.49,"Orange",2012,0.56029062,"Soft Bottom (2)",0
"567","SMC01934",-117.66595,33.49,"Orange",2012,0.56029062,"Soft Bottom (2)",0
"568","SMC01990",-117.11327,32.79653,"San Diego",2014,0.66901813,"Soft Bottom (0)",0
"569","SMC01990",-117.11327,32.79653,"San Diego",2014,0.66901813,"Soft Bottom (0)",0
"570","SMC01990",-117.11327,32.79653,"San Diego",2014,0.66901813,"Soft Bottom (0)",0
"571","SMC01990",-117.11327,32.79653,"San Diego",2014,0.66901813,"Soft Bottom (0)",0
"572","SMC01990",-117.11327,32.79653,"San Diego",2014,0.66901813,"Soft Bottom (0)",0
"573","SMC02152",-118.7217,34.09801,"Los Angeles",2010,0.58332089,"Natural",2
"574","SMC02152",-118.7217,34.09801,"Los Angeles",2010,0.58332089,"Natural",2
"575","SMC02152",-118.7217,34.09801,"Los Angeles",2010,0.58332089,"Natural",2
"576","SMC02152",-118.7217,34.09801,"Los Angeles",2010,0.58332089,"Natural",2
"577","SMC02152",-118.7217,34.09801,"Los Angeles",2010,0.58332089,"Natural",2
"578","SMC02152",-118.7217,34.09801,"Los Angeles",2010,0.58332089,"Natural",2
"579","SMC02152",-118.7217,34.09801,"Los Angeles",2010,0.58332089,"Natural",2
"580","SMC02152",-118.7217,34.09801,"Los Angeles",2010,0.58332089,"Natural",2
"581","SMC02152",-118.7217,34.09801,"Los Angeles",2010,0.58332089,"Natural",2
"582","SMC02206",-117.85002,33.87098,"Orange",2011,0.51959223,"Soft Bottom (2)",0
"583","SMC02206",-117.85002,33.87098,"Orange",2011,0.51959223,"Soft Bottom (2)",0
"584","SMC02206",-117.85002,33.87098,"Orange",2011,0.51959223,"Soft Bottom (2)",0
"585","SMC02206",-117.85002,33.87098,"Orange",2011,0.51959223,"Soft Bottom (2)",0
"586","SMC02206",-117.85002,33.87098,"Orange",2011,0.51959223,"Soft Bottom (2)",0
"587","SMC02206",-117.85002,33.87098,"Orange",2011,0.51959223,"Soft Bottom (2)",0
"588","SMC02206",-117.85002,33.87098,"Orange",2011,0.51959223,"Soft Bottom (2)",0
"589","SMC02206",-117.85002,33.87098,"Orange",2011,0.51959223,"Soft Bottom (2)",0
"590","SMC02228",-118.22427,34.06933,"Los Angeles",2009,0.67332119,"Hard Bottom",0
"591","SMC02228",-118.22427,34.06933,"Los Angeles",2009,0.67332119,"Hard Bottom",0
"592","SMC02228",-118.22427,34.06933,"Los Angeles",2009,0.67332119,"Hard Bottom",0
"593","SMC02228",-118.22427,34.06933,"Los Angeles",2009,0.67332119,"Hard Bottom",0
"594","SMC02228",-118.22427,34.06933,"Los Angeles",2009,0.67332119,"Hard Bottom",0
"595","SMC02228",-118.22427,34.06933,"Los Angeles",2009,0.67332119,"Hard Bottom",0
"596","SMC02228",-118.22427,34.06933,"Los Angeles",2009,0.67332119,"Hard Bottom",0
"597","SMC02228",-118.22427,34.06933,"Los Angeles",2009,0.67332119,"Hard Bottom",0
"598","SMC02228",-118.22427,34.06933,"Los Angeles",2009,0.67332119,"Hard Bottom",0
"599","SMC02270",-117.77241,33.79573,"Orange",2010,0.63258436,"Hard Bottom",0
"600","SMC02270",-117.77241,33.79573,"Orange",2010,0.63258436,"Hard Bottom",0
"601","SMC02270",-117.77241,33.79573,"Orange",2010,0.63258436,"Hard Bottom",0
"602","SMC02270",-117.77241,33.79573,"Orange",2010,0.63258436,"Hard Bottom",0
"603","SMC02270",-117.77241,33.79573,"Orange",2010,0.63258436,"Hard Bottom",0
"604","SMC02270",-117.77241,33.79573,"Orange",2010,0.63258436,"Hard Bottom",0
"605","SMC02270",-117.77241,33.79573,"Orange",2010,0.63258436,"Hard Bottom",0
"606","SMC02536",-118.6736,34.26861,"Ventura",2011,0.59562105,"Hard Bottom",0
"607","SMC02536",-118.6736,34.26861,"Ventura",2011,0.59562105,"Hard Bottom",0
"608","SMC02536",-118.6736,34.26861,"Ventura",2011,0.59562105,"Hard Bottom",0
"609","SMC02536",-118.6736,34.26861,"Ventura",2011,0.59562105,"Hard Bottom",0
"610","SMC02536",-118.6736,34.26861,"Ventura",2011,0.59562105,"Hard Bottom",0
"611","SMC02536",-118.6736,34.26861,"Ventura",2011,0.59562105,"Hard Bottom",0
"612","SMC02563",-117.67293,33.68193,"Orange",2014,0.48305282,"Soft Bottom (2)",0
"613","SMC02563",-117.67293,33.68193,"Orange",2014,0.48305282,"Soft Bottom (2)",0
"614","SMC02563",-117.67293,33.68193,"Orange",2014,0.48305282,"Soft Bottom (2)",0
"615","SMC02563",-117.67293,33.68193,"Orange",2014,0.48305282,"Soft Bottom (2)",0
"616","SMC02563",-117.67293,33.68193,"Orange",2014,0.48305282,"Soft Bottom (2)",0
"617","SMC02563",-117.67293,33.68193,"Orange",2014,0.48305282,"Soft Bottom (2)",0
"618","SMC02591",-119.37846,34.51783,"Ventura",2011,0.93759313,"Natural",0
"619","SMC02591",-119.37846,34.51783,"Ventura",2011,0.93759313,"Natural",0
"620","SMC02591",-119.37846,34.51783,"Ventura",2011,0.93759313,"Natural",0
"621","SMC02591",-119.37846,34.51783,"Ventura",2011,0.93759313,"Natural",0
"622","SMC02591",-119.37846,34.51783,"Ventura",2011,0.93759313,"Natural",0
"623","SMC02591",-119.37846,34.51783,"Ventura",2011,0.93759313,"Natural",0
"624","SMC02591",-119.37846,34.51783,"Ventura",2011,0.93759313,"Natural",0
"625","SMC02712",-118.30348,34.36179,"Los Angeles",2012,0.98406732,"Natural",0
"626","SMC02712",-118.30348,34.36179,"Los Angeles",2012,0.98406732,"Natural",0
"627","SMC02712",-118.30348,34.36179,"Los Angeles",2012,0.98406732,"Natural",0
"628","SMC02712",-118.30348,34.36179,"Los Angeles",2012,0.98406732,"Natural",0
"629","SMC02712",-118.30348,34.36179,"Los Angeles",2012,0.98406732,"Natural",0
"630","SMC02712",-118.30348,34.36179,"Los Angeles",2012,0.98406732,"Natural",0
"631","SMC02712",-118.30348,34.36179,"Los Angeles",2012,0.98406732,"Natural",0
"632","SMC02712",-118.30348,34.36179,"Los Angeles",2012,0.98406732,"Natural",0
"633","SMC03110",-117.07335,32.81105,"San Diego",2011,0.66852953,"Natural",3
"634","SMC03110",-117.07335,32.81105,"San Diego",2011,0.66852953,"Natural",3
"635","SMC03110",-117.07335,32.81105,"San Diego",2011,0.66852953,"Natural",3
"636","SMC03110",-117.07335,32.81105,"San Diego",2011,0.66852953,"Natural",3
"637","SMC03110",-117.07335,32.81105,"San Diego",2011,0.66852953,"Natural",3
"638","SMC03110",-117.07335,32.81105,"San Diego",2011,0.66852953,"Natural",3
"639","SMC03110",-117.07335,32.81105,"San Diego",2011,0.66852953,"Natural",3
"640","SMC03110",-117.07335,32.81105,"San Diego",2011,0.66852953,"Natural",3
"641","SMC03110",-117.07335,32.81105,"San Diego",2011,0.66852953,"Natural",3
"642","SMC03280",-117.85652,34.25685,"Los Angeles",2019,0.92082167,"Natural",0
"643","SMC03280",-117.85652,34.25685,"Los Angeles",2019,0.92082167,"Natural",0
"644","SMC03280",-117.85652,34.25685,"Los Angeles",2019,0.92082167,"Natural",0
"645","SMC03280",-117.85652,34.25685,"Los Angeles",2019,0.92082167,"Natural",0
"646","SMC03280",-117.85652,34.25685,"Los Angeles",2019,0.92082167,"Natural",0
"647","SMC03280",-117.85652,34.25685,"Los Angeles",2019,0.92082167,"Natural",0
"648","SMC03280",-117.85652,34.25685,"Los Angeles",2019,0.92082167,"Natural",0
"649","SMC03280",-117.85652,34.25685,"Los Angeles",2019,0.92082167,"Natural",0
"650","SMC03280",-117.85652,34.25685,"Los Angeles",2019,0.92082167,"Natural",0
"651","SMC03929",-117.30453,33.17865,"San Diego",2012,0.83329121,"Natural",0
"652","SMC03929",-117.30453,33.17865,"San Diego",2012,0.83329121,"Natural",0
"653","SMC03929",-117.30453,33.17865,"San Diego",2012,0.83329121,"Natural",0
"654","SMC03929",-117.30453,33.17865,"San Diego",2012,0.83329121,"Natural",0
"655","SMC03929",-117.30453,33.17865,"San Diego",2012,0.83329121,"Natural",0
"656","SMC03929",-117.30453,33.17865,"San Diego",2012,0.83329121,"Natural",0
"657","SMC03929",-117.30453,33.17865,"San Diego",2012,0.83329121,"Natural",0
"658","SMC03929",-117.30453,33.17865,"San Diego",2012,0.83329121,"Natural",0
"659","SMC04175",-119.27642,34.40835,"Ventura",2009,0.88975609,"Natural",0
"660","SMC04175",-119.27642,34.40835,"Ventura",2009,0.88975609,"Natural",0
"661","SMC04175",-119.27642,34.40835,"Ventura",2009,0.88975609,"Natural",0
"662","SMC04175",-119.27642,34.40835,"Ventura",2009,0.88975609,"Natural",0
"663","SMC04175",-119.27642,34.40835,"Ventura",2009,0.88975609,"Natural",0
"664","SMC04175",-119.27642,34.40835,"Ventura",2009,0.88975609,"Natural",0
"665","SMC04175",-119.27642,34.40835,"Ventura",2009,0.88975609,"Natural",0
"666","SMC04175",-119.27642,34.40835,"Ventura",2009,0.88975609,"Natural",0
"667","SMC04175",-119.27642,34.40835,"Ventura",2009,0.88975609,"Natural",0
"668","SMC04239",-119.31114,34.3608,"Ventura",2009,0.89182618,"Natural",0
"669","SMC04239",-119.31114,34.3608,"Ventura",2009,0.89182618,"Natural",0
"670","SMC04239",-119.31114,34.3608,"Ventura",2009,0.89182618,"Natural",0
"671","SMC04239",-119.31114,34.3608,"Ventura",2009,0.89182618,"Natural",0
"672","SMC04239",-119.31114,34.3608,"Ventura",2009,0.89182618,"Natural",0
"673","SMC04239",-119.31114,34.3608,"Ventura",2009,0.89182618,"Natural",0
"674","SMC04239",-119.31114,34.3608,"Ventura",2009,0.89182618,"Natural",0
"675","SMC04239",-119.31114,34.3608,"Ventura",2009,0.89182618,"Natural",0
"676","SMC04239",-119.31114,34.3608,"Ventura",2009,0.89182618,"Natural",0
"677","SMC04264",-118.7548,34.13,"Los Angeles",2021,0.40352083,"Natural",2
"678","SMC04264",-118.7548,34.13,"Los Angeles",2021,0.40352083,"Natural",2
"679","SMC04264",-118.7548,34.13,"Los Angeles",2021,0.40352083,"Natural",2
"680","SMC04264",-118.7548,34.13,"Los Angeles",2021,0.40352083,"Natural",2
"681","SMC04264",-118.7548,34.13,"Los Angeles",2021,0.40352083,"Natural",2
"682","SMC04264",-118.7548,34.13,"Los Angeles",2021,0.40352083,"Natural",2
"683","SMC04264",-118.7548,34.13,"Los Angeles",2021,0.40352083,"Natural",2
"684","SMC04264",-118.7548,34.13,"Los Angeles",2021,0.40352083,"Natural",2
"685","SMC04294",-117.14172,32.93776,"San Diego",2013,0.85770587,"Natural",0
"686","SMC04294",-117.14172,32.93776,"San Diego",2013,0.85770587,"Natural",0
"687","SMC04294",-117.14172,32.93776,"San Diego",2013,0.85770587,"Natural",0
"688","SMC04294",-117.14172,32.93776,"San Diego",2013,0.85770587,"Natural",0
"689","SMC04294",-117.14172,32.93776,"San Diego",2013,0.85770587,"Natural",0
"690","SMC04294",-117.14172,32.93776,"San Diego",2013,0.85770587,"Natural",0
"691","SMC04294",-117.14172,32.93776,"San Diego",2013,0.85770587,"Natural",0
"692","SMC04383",-119.35602,34.50224,"Ventura",2014,0.80530492,"Natural",0
"693","SMC04383",-119.35602,34.50224,"Ventura",2014,0.80530492,"Natural",0
"694","SMC04383",-119.35602,34.50224,"Ventura",2014,0.80530492,"Natural",0
"695","SMC04383",-119.35602,34.50224,"Ventura",2014,0.80530492,"Natural",0
"696","SMC04383",-119.35602,34.50224,"Ventura",2014,0.80530492,"Natural",0
"697","SMC04383",-119.35602,34.50224,"Ventura",2014,0.80530492,"Natural",0
"698","SMC04383",-119.35602,34.50224,"Ventura",2014,0.80530492,"Natural",0
"699","SMC04399",-119.30062,34.30796,"Ventura",2009,0.74411617,"Natural",4
"700","SMC04399",-119.30062,34.30796,"Ventura",2009,0.74411617,"Natural",4
"701","SMC04399",-119.30062,34.30796,"Ventura",2009,0.74411617,"Natural",4
"702","SMC04399",-119.30062,34.30796,"Ventura",2009,0.74411617,"Natural",4
"703","SMC04399",-119.30062,34.30796,"Ventura",2009,0.74411617,"Natural",4
"704","SMC04399",-119.30062,34.30796,"Ventura",2009,0.74411617,"Natural",4
"705","SMC04399",-119.30062,34.30796,"Ventura",2009,0.74411617,"Natural",4
"706","SMC04399",-119.30062,34.30796,"Ventura",2009,0.74411617,"Natural",4
"707","SMC04399",-119.30062,34.30796,"Ventura",2009,0.74411617,"Natural",4
"708","SMC04682",-116.64814,32.97115,"San Diego",2011,1.14155011,"Natural",0
"709","SMC04682",-116.64814,32.97115,"San Diego",2011,1.14155011,"Natural",0
"710","SMC04682",-116.64814,32.97115,"San Diego",2011,1.14155011,"Natural",0
"711","SMC04682",-116.64814,32.97115,"San Diego",2011,1.14155011,"Natural",0
"712","SMC04682",-116.64814,32.97115,"San Diego",2011,1.14155011,"Natural",0
"713","SMC04682",-116.64814,32.97115,"San Diego",2011,1.14155011,"Natural",0
"714","SMC04682",-116.64814,32.97115,"San Diego",2011,1.14155011,"Natural",0
"715","SMC04682",-116.64814,32.97115,"San Diego",2011,1.14155011,"Natural",0
"716","SMC04682",-116.64814,32.97115,"San Diego",2011,1.14155011,"Natural",0
"717","SMC04748",-118.65879,34.41314,"Los Angeles",2009,0.65455248,"Natural",5
"718","SMC04748",-118.65879,34.41314,"Los Angeles",2009,0.65455248,"Natural",5
"719","SMC04748",-118.65879,34.41314,"Los Angeles",2009,0.65455248,"Natural",5
"720","SMC04748",-118.65879,34.41314,"Los Angeles",2009,0.65455248,"Natural",5
"721","SMC04748",-118.65879,34.41314,"Los Angeles",2009,0.65455248,"Natural",5
"722","SMC04748",-118.65879,34.41314,"Los Angeles",2009,0.65455248,"Natural",5
"723","SMC04748",-118.65879,34.41314,"Los Angeles",2009,0.65455248,"Natural",5
"724","SMC04748",-118.65879,34.41314,"Los Angeles",2009,0.65455248,"Natural",5
"725","SMC04748",-118.65879,34.41314,"Los Angeles",2009,0.65455248,"Natural",5
"726","SMC04756",-118.9269,34.27092,"Ventura",2014,0.65389366,"Soft Bottom (0)",1
"727","SMC04756",-118.9269,34.27092,"Ventura",2014,0.65389366,"Soft Bottom (0)",1
"728","SMC04756",-118.9269,34.27092,"Ventura",2014,0.65389366,"Soft Bottom (0)",1
"729","SMC04756",-118.9269,34.27092,"Ventura",2014,0.65389366,"Soft Bottom (0)",1
"730","SMC04756",-118.9269,34.27092,"Ventura",2014,0.65389366,"Soft Bottom (0)",1
"731","SMC04756",-118.9269,34.27092,"Ventura",2014,0.65389366,"Soft Bottom (0)",1
"732","SMC04756",-118.9269,34.27092,"Ventura",2014,0.65389366,"Soft Bottom (0)",1
"733","SMC04756",-118.9269,34.27092,"Ventura",2014,0.65389366,"Soft Bottom (0)",1
"734","SMC04756",-118.9269,34.27092,"Ventura",2014,0.65389366,"Soft Bottom (0)",1
"735","SMC04880",-118.09829,34.30884,"Los Angeles",2012,1.00731959,"Natural",0
"736","SMC04880",-118.09829,34.30884,"Los Angeles",2012,1.00731959,"Natural",0
"737","SMC04880",-118.09829,34.30884,"Los Angeles",2012,1.00731959,"Natural",0
"738","SMC04880",-118.09829,34.30884,"Los Angeles",2012,1.00731959,"Natural",0
"739","SMC04880",-118.09829,34.30884,"Los Angeles",2012,1.00731959,"Natural",0
"740","SMC04880",-118.09829,34.30884,"Los Angeles",2012,1.00731959,"Natural",0
"741","SMC04880",-118.09829,34.30884,"Los Angeles",2012,1.00731959,"Natural",0
"742","SMC04880",-118.09829,34.30884,"Los Angeles",2012,1.00731959,"Natural",0
"743","SMC04880",-118.09829,34.30884,"Los Angeles",2012,1.00731959,"Natural",0
"744","SMC05230",-117.75077,33.87308,"Orange",2012,0.70959133,"Soft Bottom (2)",9
"745","SMC05230",-117.75077,33.87308,"Orange",2012,0.70959133,"Soft Bottom (2)",9
"746","SMC05230",-117.75077,33.87308,"Orange",2012,0.70959133,"Soft Bottom (2)",9
"747","SMC05230",-117.75077,33.87308,"Orange",2012,0.70959133,"Soft Bottom (2)",9
"748","SMC05230",-117.75077,33.87308,"Orange",2012,0.70959133,"Soft Bottom (2)",9
"749","SMC05230",-117.75077,33.87308,"Orange",2012,0.70959133,"Soft Bottom (2)",9
"750","SMC05230",-117.75077,33.87308,"Orange",2012,0.70959133,"Soft Bottom (2)",9
"751","SMC05230",-117.75077,33.87308,"Orange",2012,0.70959133,"Soft Bottom (2)",9
"752","SMC05230",-117.75077,33.87308,"Orange",2012,0.70959133,"Soft Bottom (2)",9
"753","SMC05296",-118.77525,34.55457,"Ventura",2012,1.00883885,"Natural",0
"754","SMC05296",-118.77525,34.55457,"Ventura",2012,1.00883885,"Natural",0
"755","SMC05296",-118.77525,34.55457,"Ventura",2012,1.00883885,"Natural",0
"756","SMC05296",-118.77525,34.55457,"Ventura",2012,1.00883885,"Natural",0
"757","SMC05296",-118.77525,34.55457,"Ventura",2012,1.00883885,"Natural",0
"758","SMC05296",-118.77525,34.55457,"Ventura",2012,1.00883885,"Natural",0
"759","SMC05296",-118.77525,34.55457,"Ventura",2012,1.00883885,"Natural",0
"760","SMC05296",-118.77525,34.55457,"Ventura",2012,1.00883885,"Natural",0
"761","SMC05702",-117.22954,32.83209,"San Diego",2010,0.5307944,"Natural",3
"762","SMC05702",-117.22954,32.83209,"San Diego",2010,0.5307944,"Natural",3
"763","SMC05702",-117.22954,32.83209,"San Diego",2010,0.5307944,"Natural",3
"764","SMC05702",-117.22954,32.83209,"San Diego",2010,0.5307944,"Natural",3
"765","SMC05702",-117.22954,32.83209,"San Diego",2010,0.5307944,"Natural",3
"766","SMC05702",-117.22954,32.83209,"San Diego",2010,0.5307944,"Natural",3
"767","SMC05902",-118.51218,34.03432,"Los Angeles",2011,0.54564553,"Hard Bottom",0
"768","SMC05902",-118.51218,34.03432,"Los Angeles",2011,0.54564553,"Hard Bottom",0
"769","SMC05902",-118.51218,34.03432,"Los Angeles",2011,0.54564553,"Hard Bottom",0
"770","SMC05902",-118.51218,34.03432,"Los Angeles",2011,0.54564553,"Hard Bottom",0
"771","SMC05902",-118.51218,34.03432,"Los Angeles",2011,0.54564553,"Hard Bottom",0
"772","SMC05902",-118.51218,34.03432,"Los Angeles",2011,0.54564553,"Hard Bottom",0
"773","SMC05902",-118.51218,34.03432,"Los Angeles",2011,0.54564553,"Hard Bottom",0
"774","SMC05902",-118.51218,34.03432,"Los Angeles",2011,0.54564553,"Hard Bottom",0
"775","SMC06216",-118.31518,34.27407,"Los Angeles",2020,0.94973501,"Natural",0
"776","SMC06216",-118.31518,34.27407,"Los Angeles",2020,0.94973501,"Natural",0
"777","SMC06216",-118.31518,34.27407,"Los Angeles",2020,0.94973501,"Natural",0
"778","SMC06216",-118.31518,34.27407,"Los Angeles",2020,0.94973501,"Natural",0
"779","SMC06216",-118.31518,34.27407,"Los Angeles",2020,0.94973501,"Natural",0
"780","SMC06216",-118.31518,34.27407,"Los Angeles",2020,0.94973501,"Natural",0
"781","SMC06216",-118.31518,34.27407,"Los Angeles",2020,0.94973501,"Natural",0
"782","SMC06216",-118.31518,34.27407,"Los Angeles",2020,0.94973501,"Natural",0
"783","SMC06216",-118.31518,34.27407,"Los Angeles",2020,0.94973501,"Natural",0
"784","SMC06302",-117.85366,33.86699,"Orange",2012,0.58447206,"Soft Bottom (2)",0
"785","SMC06302",-117.85366,33.86699,"Orange",2012,0.58447206,"Soft Bottom (2)",0
"786","SMC06302",-117.85366,33.86699,"Orange",2012,0.58447206,"Soft Bottom (2)",0
"787","SMC06302",-117.85366,33.86699,"Orange",2012,0.58447206,"Soft Bottom (2)",0
"788","SMC06302",-117.85366,33.86699,"Orange",2012,0.58447206,"Soft Bottom (2)",0
"789","SMC06302",-117.85366,33.86699,"Orange",2012,0.58447206,"Soft Bottom (2)",0
"790","SMC06302",-117.85366,33.86699,"Orange",2012,0.58447206,"Soft Bottom (2)",0
"791","SMC06302",-117.85366,33.86699,"Orange",2012,0.58447206,"Soft Bottom (2)",0
"792","SMC06740",-118.87436,34.1807,"Ventura",2013,0.55786988,"Hard Bottom",1
"793","SMC06740",-118.87436,34.1807,"Ventura",2013,0.55786988,"Hard Bottom",1
"794","SMC06740",-118.87436,34.1807,"Ventura",2013,0.55786988,"Hard Bottom",1
"795","SMC06740",-118.87436,34.1807,"Ventura",2013,0.55786988,"Hard Bottom",1
"796","SMC06740",-118.87436,34.1807,"Ventura",2013,0.55786988,"Hard Bottom",1
"797","SMC06740",-118.87436,34.1807,"Ventura",2013,0.55786988,"Hard Bottom",1
"798","SMC06863",-119.30534,34.49417,"Ventura",2011,1.02446297,"Natural",0
"799","SMC06863",-119.30534,34.49417,"Ventura",2011,1.02446297,"Natural",0
"800","SMC06863",-119.30534,34.49417,"Ventura",2011,1.02446297,"Natural",0
"801","SMC06863",-119.30534,34.49417,"Ventura",2011,1.02446297,"Natural",0
"802","SMC06863",-119.30534,34.49417,"Ventura",2011,1.02446297,"Natural",0
"803","SMC06863",-119.30534,34.49417,"Ventura",2011,1.02446297,"Natural",0
"804","SMC06863",-119.30534,34.49417,"Ventura",2011,1.02446297,"Natural",0
"805","SMC07126",-117.03457,32.84359,"San Diego",2012,0.39577708,"Natural",3
"806","SMC07126",-117.03457,32.84359,"San Diego",2012,0.39577708,"Natural",3
"807","SMC07126",-117.03457,32.84359,"San Diego",2012,0.39577708,"Natural",3
"808","SMC07126",-117.03457,32.84359,"San Diego",2012,0.39577708,"Natural",3
"809","SMC07126",-117.03457,32.84359,"San Diego",2012,0.39577708,"Natural",3
"810","SMC07126",-117.03457,32.84359,"San Diego",2012,0.39577708,"Natural",3
"811","SMC07126",-117.03457,32.84359,"San Diego",2012,0.39577708,"Natural",3
"812","SMC07126",-117.03457,32.84359,"San Diego",2012,0.39577708,"Natural",3
"813","SMC07126",-117.03457,32.84359,"San Diego",2012,0.39577708,"Natural",3
"814","SMC08094",-117.8536,33.81951,"Orange",2012,0.48136537,"Soft Bottom (2)",9
"815","SMC08094",-117.8536,33.81951,"Orange",2012,0.48136537,"Soft Bottom (2)",9
"816","SMC08094",-117.8536,33.81951,"Orange",2012,0.48136537,"Soft Bottom (2)",9
"817","SMC08094",-117.8536,33.81951,"Orange",2012,0.48136537,"Soft Bottom (2)",9
"818","SMC08094",-117.8536,33.81951,"Orange",2012,0.48136537,"Soft Bottom (2)",9
"819","SMC08094",-117.8536,33.81951,"Orange",2012,0.48136537,"Soft Bottom (2)",9
"820","SMC08094",-117.8536,33.81951,"Orange",2012,0.48136537,"Soft Bottom (2)",9
"821","SMC08094",-117.8536,33.81951,"Orange",2012,0.48136537,"Soft Bottom (2)",9
"822","SMC08094",-117.8536,33.81951,"Orange",2012,0.48136537,"Soft Bottom (2)",9
"823","SMC08150",-117.01975,32.83731,"San Diego",2014,0.73802627,"Natural",1
"824","SMC08150",-117.01975,32.83731,"San Diego",2014,0.73802627,"Natural",1
"825","SMC08150",-117.01975,32.83731,"San Diego",2014,0.73802627,"Natural",1
"826","SMC08150",-117.01975,32.83731,"San Diego",2014,0.73802627,"Natural",1
"827","SMC08150",-117.01975,32.83731,"San Diego",2014,0.73802627,"Natural",1
"828","SMC08150",-117.01975,32.83731,"San Diego",2014,0.73802627,"Natural",1
"829","SMC08150",-117.01975,32.83731,"San Diego",2014,0.73802627,"Natural",1
"830","SMC08335",-119.29948,34.34583,"Ventura",2010,0.86047287,"Natural",0
"831","SMC08335",-119.29948,34.34583,"Ventura",2010,0.86047287,"Natural",0
"832","SMC08335",-119.29948,34.34583,"Ventura",2010,0.86047287,"Natural",0
"833","SMC08335",-119.29948,34.34583,"Ventura",2010,0.86047287,"Natural",0
"834","SMC08335",-119.29948,34.34583,"Ventura",2010,0.86047287,"Natural",0
"835","SMC08335",-119.29948,34.34583,"Ventura",2010,0.86047287,"Natural",0
"836","SMC08335",-119.29948,34.34583,"Ventura",2010,0.86047287,"Natural",0
"837","SMC08335",-119.29948,34.34583,"Ventura",2010,0.86047287,"Natural",0
"838","SMC08766",-118.10859,33.90192,"Los Angeles",2018,0.31568577,"Hard Bottom",4
"839","SMC08766",-118.10859,33.90192,"Los Angeles",2018,0.31568577,"Hard Bottom",4
"840","SMC08766",-118.10859,33.90192,"Los Angeles",2018,0.31568577,"Hard Bottom",4
"841","SMC08766",-118.10859,33.90192,"Los Angeles",2018,0.31568577,"Hard Bottom",4
"842","SMC08766",-118.10859,33.90192,"Los Angeles",2018,0.31568577,"Hard Bottom",4
"843","SMC08766",-118.10859,33.90192,"Los Angeles",2018,0.31568577,"Hard Bottom",4
"844","SMC08766",-118.10859,33.90192,"Los Angeles",2018,0.31568577,"Hard Bottom",4
"845","SMC08766",-118.10859,33.90192,"Los Angeles",2018,0.31568577,"Hard Bottom",4
"846","SMC08766",-118.10859,33.90192,"Los Angeles",2018,0.31568577,"Hard Bottom",4
"847","SMC09118",-117.86259,33.80876,"Orange",2013,0.38650747,"Soft Bottom (2)",9
"848","SMC09118",-117.86259,33.80876,"Orange",2013,0.38650747,"Soft Bottom (2)",9
"849","SMC09118",-117.86259,33.80876,"Orange",2013,0.38650747,"Soft Bottom (2)",9
"850","SMC09118",-117.86259,33.80876,"Orange",2013,0.38650747,"Soft Bottom (2)",9
"851","SMC09118",-117.86259,33.80876,"Orange",2013,0.38650747,"Soft Bottom (2)",9
"852","SMC09118",-117.86259,33.80876,"Orange",2013,0.38650747,"Soft Bottom (2)",9
"853","SMC09118",-117.86259,33.80876,"Orange",2013,0.38650747,"Soft Bottom (2)",9
"854","SMC09118",-117.86259,33.80876,"Orange",2013,0.38650747,"Soft Bottom (2)",9
"855","SMC09118",-117.86259,33.80876,"Orange",2013,0.38650747,"Soft Bottom (2)",9
"856","SMC09534",-118.09487,33.83832,"Los Angeles",2018,0.41380136,"Hard Bottom",4
"857","SMC09534",-118.09487,33.83832,"Los Angeles",2018,0.41380136,"Hard Bottom",4
"858","SMC09534",-118.09487,33.83832,"Los Angeles",2018,0.41380136,"Hard Bottom",4
"859","SMC09534",-118.09487,33.83832,"Los Angeles",2018,0.41380136,"Hard Bottom",4
"860","SMC09534",-118.09487,33.83832,"Los Angeles",2018,0.41380136,"Hard Bottom",4
"861","SMC09534",-118.09487,33.83832,"Los Angeles",2018,0.41380136,"Hard Bottom",4
"862","SMC09534",-118.09487,33.83832,"Los Angeles",2018,0.41380136,"Hard Bottom",4
"863","SMC09534",-118.09487,33.83832,"Los Angeles",2018,0.41380136,"Hard Bottom",4
"864","SMC09534",-118.09487,33.83832,"Los Angeles",2018,0.41380136,"Hard Bottom",4
"865","SMC09564",-118.5913,34.43125,"Los Angeles",2010,0.60906943,"Soft Bottom (0)",4
"866","SMC09564",-118.5913,34.43125,"Los Angeles",2010,0.60906943,"Soft Bottom (0)",4
"867","SMC09564",-118.5913,34.43125,"Los Angeles",2010,0.60906943,"Soft Bottom (0)",4
"868","SMC09564",-118.5913,34.43125,"Los Angeles",2010,0.60906943,"Soft Bottom (0)",4
"869","SMC09564",-118.5913,34.43125,"Los Angeles",2010,0.60906943,"Soft Bottom (0)",4
"870","SMC09564",-118.5913,34.43125,"Los Angeles",2010,0.60906943,"Soft Bottom (0)",4
"871","SMC09564",-118.5913,34.43125,"Los Angeles",2010,0.60906943,"Soft Bottom (0)",4
"872","SMC09564",-118.5913,34.43125,"Los Angeles",2010,0.60906943,"Soft Bottom (0)",4
"873","SMC09564",-118.5913,34.43125,"Los Angeles",2010,0.60906943,"Soft Bottom (0)",4
"874","SMC11727",-119.29339,34.47857,"Ventura",2010,0.96558912,"Natural",0
"875","SMC11727",-119.29339,34.47857,"Ventura",2010,0.96558912,"Natural",0
"876","SMC11727",-119.29339,34.47857,"Ventura",2010,0.96558912,"Natural",0
"877","SMC11727",-119.29339,34.47857,"Ventura",2010,0.96558912,"Natural",0
"878","SMC11727",-119.29339,34.47857,"Ventura",2010,0.96558912,"Natural",0
"879","SMC11727",-119.29339,34.47857,"Ventura",2010,0.96558912,"Natural",0
"880","SMC11727",-119.29339,34.47857,"Ventura",2010,0.96558912,"Natural",0
"881","SMC12862",-118.11149,33.92148,"Los Angeles",2019,0.36300795,"Hard Bottom",4
"882","SMC12862",-118.11149,33.92148,"Los Angeles",2019,0.36300795,"Hard Bottom",4
"883","SMC12862",-118.11149,33.92148,"Los Angeles",2019,0.36300795,"Hard Bottom",4
"884","SMC12862",-118.11149,33.92148,"Los Angeles",2019,0.36300795,"Hard Bottom",4
"885","SMC12862",-118.11149,33.92148,"Los Angeles",2019,0.36300795,"Hard Bottom",4
"886","SMC12862",-118.11149,33.92148,"Los Angeles",2019,0.36300795,"Hard Bottom",4
"887","SMC12862",-118.11149,33.92148,"Los Angeles",2019,0.36300795,"Hard Bottom",4
"888","SMC12862",-118.11149,33.92148,"Los Angeles",2019,0.36300795,"Hard Bottom",4
"889","SMC12862",-118.11149,33.92148,"Los Angeles",2019,0.36300795,"Hard Bottom",4
"890","SMC13214",-117.87242,33.80453,"Orange",2013,0.45461418,"Soft Bottom (2)",9
"891","SMC13214",-117.87242,33.80453,"Orange",2013,0.45461418,"Soft Bottom (2)",9
"892","SMC13214",-117.87242,33.80453,"Orange",2013,0.45461418,"Soft Bottom (2)",9
"893","SMC13214",-117.87242,33.80453,"Orange",2013,0.45461418,"Soft Bottom (2)",9
"894","SMC13214",-117.87242,33.80453,"Orange",2013,0.45461418,"Soft Bottom (2)",9
"895","SMC13214",-117.87242,33.80453,"Orange",2013,0.45461418,"Soft Bottom (2)",9
"896","SMC13214",-117.87242,33.80453,"Orange",2013,0.45461418,"Soft Bottom (2)",9
"897","SMC13214",-117.87242,33.80453,"Orange",2013,0.45461418,"Soft Bottom (2)",9
"898","SMC13214",-117.87242,33.80453,"Orange",2013,0.45461418,"Soft Bottom (2)",9
"899","SMC13630",-118.10351,33.86119,"Los Angeles",2020,0.3822264,"Hard Bottom",4
"900","SMC13630",-118.10351,33.86119,"Los Angeles",2020,0.3822264,"Hard Bottom",4
"901","SMC13630",-118.10351,33.86119,"Los Angeles",2020,0.3822264,"Hard Bottom",4
"902","SMC13630",-118.10351,33.86119,"Los Angeles",2020,0.3822264,"Hard Bottom",4
"903","SMC13630",-118.10351,33.86119,"Los Angeles",2020,0.3822264,"Hard Bottom",4
"904","SMC13630",-118.10351,33.86119,"Los Angeles",2020,0.3822264,"Hard Bottom",4
"905","SMC13630",-118.10351,33.86119,"Los Angeles",2020,0.3822264,"Hard Bottom",4
"906","SMC13630",-118.10351,33.86119,"Los Angeles",2020,0.3822264,"Hard Bottom",4
"907","SMC13630",-118.10351,33.86119,"Los Angeles",2020,0.3822264,"Hard Bottom",4
"908","SMC15678",-118.09075,33.80989,"Los Angeles",2021,0.32904119,"Hard Bottom",4
"909","SMC15678",-118.09075,33.80989,"Los Angeles",2021,0.32904119,"Hard Bottom",4
"910","SMC15678",-118.09075,33.80989,"Los Angeles",2021,0.32904119,"Hard Bottom",4
"911","SMC15678",-118.09075,33.80989,"Los Angeles",2021,0.32904119,"Hard Bottom",4
"912","SMC15678",-118.09075,33.80989,"Los Angeles",2021,0.32904119,"Hard Bottom",4
"913","SMC15678",-118.09075,33.80989,"Los Angeles",2021,0.32904119,"Hard Bottom",4
"914","SMC15678",-118.09075,33.80989,"Los Angeles",2021,0.32904119,"Hard Bottom",4
"915","SMC15678",-118.09075,33.80989,"Los Angeles",2021,0.32904119,"Hard Bottom",4
"916","SMC15678",-118.09075,33.80989,"Los Angeles",2021,0.32904119,"Hard Bottom",4
"917","SMC16266",-116.75313,32.81855,"San Diego",2011,0.88929009,"Natural",0
"918","SMC16266",-116.75313,32.81855,"San Diego",2011,0.88929009,"Natural",0
"919","SMC16266",-116.75313,32.81855,"San Diego",2011,0.88929009,"Natural",0
"920","SMC16266",-116.75313,32.81855,"San Diego",2011,0.88929009,"Natural",0
"921","SMC16266",-116.75313,32.81855,"San Diego",2011,0.88929009,"Natural",0
"922","SMC16266",-116.75313,32.81855,"San Diego",2011,0.88929009,"Natural",0
"923","SMC16266",-116.75313,32.81855,"San Diego",2011,0.88929009,"Natural",0
"924","SMC16266",-116.75313,32.81855,"San Diego",2011,0.88929009,"Natural",0
"925","SMC16446",-119.27282,34.41319,"Ventura",2012,0.84096951,"Natural",0
"926","SMC16446",-119.27282,34.41319,"Ventura",2012,0.84096951,"Natural",0
"927","SMC16446",-119.27282,34.41319,"Ventura",2012,0.84096951,"Natural",0
"928","SMC16446",-119.27282,34.41319,"Ventura",2012,0.84096951,"Natural",0
"929","SMC16446",-119.27282,34.41319,"Ventura",2012,0.84096951,"Natural",0
"930","SMC16446",-119.27282,34.41319,"Ventura",2012,0.84096951,"Natural",0
"931","SMC16446",-119.27282,34.41319,"Ventura",2012,0.84096951,"Natural",0
"932","SMC16446",-119.27282,34.41319,"Ventura",2012,0.84096951,"Natural",0
"933","SMC16446",-119.27282,34.41319,"Ventura",2012,0.84096951,"Natural",0
"934","SMC16832",-118.10855,33.88444,"Los Angeles",2018,0.30514122,"Hard Bottom",4
"935","SMC16832",-118.10855,33.88444,"Los Angeles",2018,0.30514122,"Hard Bottom",4
"936","SMC16832",-118.10855,33.88444,"Los Angeles",2018,0.30514122,"Hard Bottom",4
"937","SMC16832",-118.10855,33.88444,"Los Angeles",2018,0.30514122,"Hard Bottom",4
"938","SMC16832",-118.10855,33.88444,"Los Angeles",2018,0.30514122,"Hard Bottom",4
"939","SMC16832",-118.10855,33.88444,"Los Angeles",2018,0.30514122,"Hard Bottom",4
"940","SMC16832",-118.10855,33.88444,"Los Angeles",2018,0.30514122,"Hard Bottom",4
"941","SMC16832",-118.10855,33.88444,"Los Angeles",2018,0.30514122,"Hard Bottom",4
"942","SMC16832",-118.10855,33.88444,"Los Angeles",2018,0.30514122,"Hard Bottom",4
"943","SMC16980",-119.24974,34.43268,"Ventura",2011,1.0300836,"Natural",0
"944","SMC16980",-119.24974,34.43268,"Ventura",2011,1.0300836,"Natural",0
"945","SMC16980",-119.24974,34.43268,"Ventura",2011,1.0300836,"Natural",0
"946","SMC16980",-119.24974,34.43268,"Ventura",2011,1.0300836,"Natural",0
"947","SMC16980",-119.24974,34.43268,"Ventura",2011,1.0300836,"Natural",0
"948","SMC16980",-119.24974,34.43268,"Ventura",2011,1.0300836,"Natural",0
"949","SMC16980",-119.24974,34.43268,"Ventura",2011,1.0300836,"Natural",0
"950","SMC17056",-118.5779,34.4263,"Los Angeles",2009,0.70763782,"Natural",4
"951","SMC17056",-118.5779,34.4263,"Los Angeles",2009,0.70763782,"Natural",4
"952","SMC17056",-118.5779,34.4263,"Los Angeles",2009,0.70763782,"Natural",4
"953","SMC17056",-118.5779,34.4263,"Los Angeles",2009,0.70763782,"Natural",4
"954","SMC17056",-118.5779,34.4263,"Los Angeles",2009,0.70763782,"Natural",4
"955","SMC17056",-118.5779,34.4263,"Los Angeles",2009,0.70763782,"Natural",4
"956","SMC17056",-118.5779,34.4263,"Los Angeles",2009,0.70763782,"Natural",4
"957","SMC17056",-118.5779,34.4263,"Los Angeles",2009,0.70763782,"Natural",4
"958","SMC17056",-118.5779,34.4263,"Los Angeles",2009,0.70763782,"Natural",4
"959","SMC19697",-119.30096,34.34807,"Ventura",2013,0.81504136,"Natural",0
"960","SMC19697",-119.30096,34.34807,"Ventura",2013,0.81504136,"Natural",0
"961","SMC19697",-119.30096,34.34807,"Ventura",2013,0.81504136,"Natural",0
"962","SMC19697",-119.30096,34.34807,"Ventura",2013,0.81504136,"Natural",0
"963","SMC19697",-119.30096,34.34807,"Ventura",2013,0.81504136,"Natural",0
"964","SMC19697",-119.30096,34.34807,"Ventura",2013,0.81504136,"Natural",0
"965","SMC19697",-119.30096,34.34807,"Ventura",2013,0.81504136,"Natural",0
"966","SMC19697",-119.30096,34.34807,"Ventura",2013,0.81504136,"Natural",0
"967","SMC19809",-119.3531,34.50141,"Ventura",2013,1.0100125,"Natural",0
"968","SMC19809",-119.3531,34.50141,"Ventura",2013,1.0100125,"Natural",0
"969","SMC19809",-119.3531,34.50141,"Ventura",2013,1.0100125,"Natural",0
"970","SMC19809",-119.3531,34.50141,"Ventura",2013,1.0100125,"Natural",0
"971","SMC19809",-119.3531,34.50141,"Ventura",2013,1.0100125,"Natural",0
"972","SMC19809",-119.3531,34.50141,"Ventura",2013,1.0100125,"Natural",0
"973","SMC19809",-119.3531,34.50141,"Ventura",2013,1.0100125,"Natural",0
"974","SMC19945",-119.28186,34.50486,"Ventura",2013,1.01837531,"Natural",0
"975","SMC19945",-119.28186,34.50486,"Ventura",2013,1.01837531,"Natural",0
"976","SMC19945",-119.28186,34.50486,"Ventura",2013,1.01837531,"Natural",0
"977","SMC19945",-119.28186,34.50486,"Ventura",2013,1.01837531,"Natural",0
"978","SMC19945",-119.28186,34.50486,"Ventura",2013,1.01837531,"Natural",0
"979","SMC19945",-119.28186,34.50486,"Ventura",2013,1.01837531,"Natural",0
"980","SMC19945",-119.28186,34.50486,"Ventura",2013,1.01837531,"Natural",0
"981","SMC20032",-118.10774,33.87664,"Los Angeles",2019,0.37813902,"Hard Bottom",4
"982","SMC20032",-118.10774,33.87664,"Los Angeles",2019,0.37813902,"Hard Bottom",4
"983","SMC20032",-118.10774,33.87664,"Los Angeles",2019,0.37813902,"Hard Bottom",4
"984","SMC20032",-118.10774,33.87664,"Los Angeles",2019,0.37813902,"Hard Bottom",4
"985","SMC20032",-118.10774,33.87664,"Los Angeles",2019,0.37813902,"Hard Bottom",4
"986","SMC20032",-118.10774,33.87664,"Los Angeles",2019,0.37813902,"Hard Bottom",4
"987","SMC20032",-118.10774,33.87664,"Los Angeles",2019,0.37813902,"Hard Bottom",4
"988","SMC20032",-118.10774,33.87664,"Los Angeles",2019,0.37813902,"Hard Bottom",4
"989","SMC20032",-118.10774,33.87664,"Los Angeles",2019,0.37813902,"Hard Bottom",4
"990","SMC20497",-119.29853,34.31227,"Ventura",2013,0.67195159,"Natural",4
"991","SMC20497",-119.29853,34.31227,"Ventura",2013,0.67195159,"Natural",4
"992","SMC20497",-119.29853,34.31227,"Ventura",2013,0.67195159,"Natural",4
"993","SMC20497",-119.29853,34.31227,"Ventura",2013,0.67195159,"Natural",4
"994","SMC20497",-119.29853,34.31227,"Ventura",2013,0.67195159,"Natural",4
"995","SMC20497",-119.29853,34.31227,"Ventura",2013,0.67195159,"Natural",4
"996","SMC20497",-119.29853,34.31227,"Ventura",2013,0.67195159,"Natural",4
"997","SMC20497",-119.29853,34.31227,"Ventura",2013,0.67195159,"Natural",4
"998","SMC20497",-119.29853,34.31227,"Ventura",2013,0.67195159,"Natural",4
"999","SMC20994",-118.51129,34.03639,"Los Angeles",2013,0.61280146,"Hard Bottom",0
"1000","SMC20994",-118.51129,34.03639,"Los Angeles",2013,0.61280146,"Hard Bottom",0
"1001","SMC20994",-118.51129,34.03639,"Los Angeles",2013,0.61280146,"Hard Bottom",0
"1002","SMC20994",-118.51129,34.03639,"Los Angeles",2013,0.61280146,"Hard Bottom",0
"1003","SMC20994",-118.51129,34.03639,"Los Angeles",2013,0.61280146,"Hard Bottom",0
"1004","SMC20994",-118.51129,34.03639,"Los Angeles",2013,0.61280146,"Hard Bottom",0
"1005","SMC20994",-118.51129,34.03639,"Los Angeles",2013,0.61280146,"Hard Bottom",0
"1006","SMC20994",-118.51129,34.03639,"Los Angeles",2013,0.61280146,"Hard Bottom",0
"1007","SMC21796",-118.40916,33.99108,"Los Angeles",2013,0.52886834,"Hard Bottom",2
"1008","SMC21796",-118.40916,33.99108,"Los Angeles",2013,0.52886834,"Hard Bottom",2
"1009","SMC21796",-118.40916,33.99108,"Los Angeles",2013,0.52886834,"Hard Bottom",2
"1010","SMC21796",-118.40916,33.99108,"Los Angeles",2013,0.52886834,"Hard Bottom",2
"1011","SMC21796",-118.40916,33.99108,"Los Angeles",2013,0.52886834,"Hard Bottom",2
"1012","SMC21796",-118.40916,33.99108,"Los Angeles",2013,0.52886834,"Hard Bottom",2
"1013","SMC21796",-118.40916,33.99108,"Los Angeles",2013,0.52886834,"Hard Bottom",2
"1014","SMC21796",-118.40916,33.99108,"Los Angeles",2013,0.52886834,"Hard Bottom",2
"1015","SMC35697",-119.30981,34.35404,"Ventura",2010,0.86787533,"Natural",0
"1016","SMC35697",-119.30981,34.35404,"Ventura",2010,0.86787533,"Natural",0
"1017","SMC35697",-119.30981,34.35404,"Ventura",2010,0.86787533,"Natural",0
"1018","SMC35697",-119.30981,34.35404,"Ventura",2010,0.86787533,"Natural",0
"1019","SMC35697",-119.30981,34.35404,"Ventura",2010,0.86787533,"Natural",0
"1020","SMC35697",-119.30981,34.35404,"Ventura",2010,0.86787533,"Natural",0
"1021","SMC35697",-119.30981,34.35404,"Ventura",2010,0.86787533,"Natural",0
"1022","SMC35697",-119.30981,34.35404,"Ventura",2010,0.86787533,"Natural",0
"1023","SMC35837",-116.8261,33.7364,"Riverside",2012,0.62683201,"Natural",0
"1024","SMC35837",-116.8261,33.7364,"Riverside",2012,0.62683201,"Natural",0
"1025","SMC35837",-116.8261,33.7364,"Riverside",2012,0.62683201,"Natural",0
"1026","SMC35837",-116.8261,33.7364,"Riverside",2012,0.62683201,"Natural",0
"1027","SMC35837",-116.8261,33.7364,"Riverside",2012,0.62683201,"Natural",0
"1028","SMC35837",-116.8261,33.7364,"Riverside",2012,0.62683201,"Natural",0
"1029","SMC35837",-116.8261,33.7364,"Riverside",2012,0.62683201,"Natural",0
"1030","SMC35837",-116.8261,33.7364,"Riverside",2012,0.62683201,"Natural",0
